             0.30058 0 0 0  7.95027e-05  0.000104303 -4.94771e-05 0 0 0 0 0 0  0.000954567   0.00144369 -0.000733563 -0.000397164  0.000483219  0.000385368 0 0 0 -0.0507921  -0.122659    -9.8081 
            0.400778 -0.00970173  0.00224495  -0.0263134 -0.00622766  -0.0062801  -0.0311624 0 0 0 0 0 0 0.000684549  0.00345706 -0.00701327 -0.000397141  0.000483202  0.000385376 1.20327e-07 1.26824e-07 5.78889e-07 -0.0507922  -0.122659    -9.8081 
            0.501019 -0.0196106 0.00668669 -0.0262418  -0.00624738   0.00724577 -0.000474042 0 0 0 0 0 0 0.000586284   0.0688366    0.150347 -0.000377308  0.000465135  0.000393759  2.19094e-07 -1.66208e-05 -3.92522e-05 -0.0507925  -0.122644    -9.8081 
            0.601394 -0.00964932 -0.00227252 -0.00512342 -0.00636989 0.000248739 -0.00708275 0 0 0 0 0 0 0.000417795  0.00598803   0.0584131 -0.000415815  0.000480203  0.000339447 -0.00038867  0.00655815   0.0350645 -0.0502472  -0.128554   -9.80803 
            0.701409 -0.0166078  -0.018706 -0.0157949 -0.00669214 -0.00715442  -0.0097471 0 0 0 0 0 0 -0.00211532  -0.0266284   0.0165427 -0.000367285  0.000528219  0.000364424 -0.000139951    0.0196728    0.0664864 -0.0503302  -0.140791   -9.80786 
            0.801568   -0.0184274 -0.000181604    -0.015674 -0.000616724   -0.0099132   -0.0140561 0 0 0 0 0 0  0.0262429 -0.0297923 -0.0146501 -0.000353749   0.00048416  0.000362183 -0.0173045  0.0192369  0.0919833 -0.0336931  -0.140038   -9.80794 
            0.901787   -0.0195015 -0.000339689   -0.0212451 -0.00297691 0.000614589  -0.0131817 0 0 0 0 0 0  0.00742152   0.0284271 -0.00900893 -0.000337077  0.000476789  0.000379114 -0.00258419  -0.0203369   0.0805931 -0.0479083  -0.102136   -9.80835 
             1.00196  -0.021202 0.00179021 -0.0182842  -0.00146375 -0.000899497   -0.0120272 0 0 0 0 0 0   0.0114352   0.0138123 -0.00551803 -0.000313949  0.000464842  0.000363567 -0.00463065 -0.00809918   0.0717915 -0.0460129  -0.114019   -9.80823 
              1.1023  -0.0123354 -0.00342828  -0.0188719 -0.00832371 -0.00693809  -0.0150769 0 0 0 0 0 0  -0.022961 -0.0154677 -0.0226166 -0.000318579  0.000458206  0.000354838  0.0132531 0.00915996  0.0787917 -0.0631803  -0.130537   -9.80793 
             1.20234  -0.0164377 -0.00483059  -0.0178253 -0.00324368  -0.0027101  -0.0137541 0 0 0 0 0 0 0.00576396 0.00822152 -0.0135647 -0.000314921  0.000459167  0.000358168 -0.00179917 -0.00265179   0.0667422 -0.0487952  -0.119277   -9.80815 
             1.30254  -0.0125534 -0.00393776  -0.0226393 -0.00381873 -0.00318149  -0.0117249 0 0 0 0 0 0 0.000439639  0.00271549 -0.00262111 -0.000321006   0.00044398   0.00035663 1.91099e-05 -0.00030884   0.0571433 -0.0506007  -0.121636   -9.80812 
             1.40295  -0.0164688 -0.00404832  -0.0226103 -0.00643396 -0.00790143   -0.011771 0 0 0 0 0 0  -0.0106897  -0.0164828 -0.00484523 -0.00027186  0.00041555 0.000347566 0.00412195  0.0077481  0.0561018 -0.054546 -0.129391  -9.80799 
             1.50295  -0.0129794 -0.00298288  -0.0190346 -0.00788331 -0.00452368  -0.0117004 0 0 0 0 0 0 -0.0130137 0.00362156 -0.0057804 -0.000281963  0.000403164  0.000334916  0.00446969 0.000336253   0.0542942 -0.0548944  -0.122293   -9.80808 
             1.60312  -0.0143799 -0.00561081   -0.021248 -0.00344539 -0.00620945  -0.0112673 0 0 0 0 0 0   0.0105283 -0.00460027 -0.00423968 -0.000290001  0.000394247  0.000331535 -0.00330023  0.00312475   0.0516522 -0.0474485   -0.12501   -9.80809 
             1.70335  -0.0119977 -0.00350897  -0.0172468 8.3617e-05 -0.0018571 -0.0115284 0 0 0 0 0 0   0.0207638   0.0148523 -0.00610322 -0.000285208  0.000385834  0.000317412 -0.00656001 -0.00319766   0.0508255 -0.0443201  -0.118951   -9.80818 
             1.80352  -0.0153847 -0.00455617  -0.0197131 -0.00104549 -0.00308655  -0.0124739 0 0 0 0 0 0  0.00918312  0.00533455 -0.00976359 -0.000286913  0.000397273  0.000324431 -0.00259139 0.000354869   0.0512316 -0.0481303  -0.122353   -9.80812 
             1.90375  -0.0144154 -0.00623761  -0.0212955 -0.000743761    -0.004837   -0.0106795 0 0 0 0 0 0  0.00656719 -0.00371865 -0.00181276 -0.000301311  0.000402995  0.000316838 -0.00195232  0.00298043   0.0453798 -0.0487661  -0.124939   -9.80808 
             2.00397  -0.0134938 -0.00763281  -0.0201134 0.000525767 -0.00424263  -0.0120408 0 0 0 0 0 0   0.00932545 -0.000818345   -0.0102865 -0.000307652  0.000404037  0.000309268 -0.00258761  0.00198919   0.0471357 -0.0481496  -0.123967    -9.8081 
             2.10414  -0.0117792 -0.00378801 -0.00874993 -0.00263493 -0.00531501   -0.012133 0 0 0 0 0 0  -0.0061655 -0.00515557   -0.011348 -0.000312335  0.000363679  0.000303819 0.00122462 0.00282736  0.0449017 -0.0518168  -0.124797   -9.80807 
             2.20429  -0.0144978 -0.00427472 0.000920148 -0.00441483 -0.00535579  -0.0119261 0 0 0 0 0 0 -0.00966602 -0.00508971 -0.00807809 -0.000303852  0.000347179   0.00027883 0.00230821 0.00237608  0.0423578 -0.0528687  -0.124394   -9.80807 
              2.3045 -0.0140695 -0.0062772 -0.0194504 -0.00556621  -0.0137427   -0.010929 0 0 0 0 0 0  -0.0120641  -0.0342539 -0.00666783 -0.000252734  0.000338057   0.00031044 0.00253367  0.0097928  0.0388993 -0.0531033  -0.131545   -9.80797 
             2.40469  -0.0142783 -0.00650446  -0.0134942 -0.00296082  -0.0145502  -0.0122906 0 0 0 0 0 0  0.0354068 -0.0233364  -0.010569 -0.000256519  0.000329189  0.000298208 0.000213569  0.00741433   0.0396005 -0.0508765  -0.129257   -9.80802 
              2.5049  -0.013323 -0.0158904 -0.0101823  -0.0306464  0.00673957 -0.00435953 0 0 0 0 0 0 -0.0590092  0.0733989  0.0351245 -0.00012657 0.000386631 0.000296462  0.0278421 -0.0126398  0.0256554 -0.0774044  -0.110197   -9.80808 
             2.60508  -0.0175746  -0.0567995 -0.00128481 -0.0299263 0.00241902 -0.0203167 0 0 0 0 0 0 -0.0179627  0.0345951 -0.0505589 -0.000256465  0.000364336  0.000301665   0.0234588 -0.00300968    0.055031 -0.0729211  -0.119088   -9.80801 
             2.70542 -0.0145739 -0.0153785   0.008203 -0.00267529   0.0141208  -0.0184337 0 0 0 0 0 0  0.104716 0.0659289 -0.028201 -0.000235289  0.000113609    0.0003089  0.00208918 -0.00965412   0.0443021 -0.0526535  -0.112762   -9.80821 
             2.80549 -0.0348207 -0.0234718  0.0354752  0.0191225  0.0157575 -0.0130468 0 0 0 0 0 0    0.173911   0.0441874 -0.00309822 -0.000338903 -0.000114986  0.000353329 -0.00431732 -0.00622737   0.0332572 -0.0466569   -0.11609    -9.8082 
             2.90573 -0.0425195 -0.0551181    0.13731  0.0280377  0.0177405 -0.0193936 0 0 0 0 0 0   0.165472   0.027513 -0.0344557 -0.000412874  1.98149e-05  0.000383044  0.00265198 -0.00475059   0.0415796 -0.0532295  -0.117511   -9.80815 
             3.00591  -0.047544 -0.0393951   0.276804  0.0449272  0.0297679 -0.0147858 0 0 0 0 0 0    0.191814   0.0564734 -0.00055383 -0.000309614  4.09311e-05  0.000466382 0.00323624 -0.0110053   0.030641 -0.0539543  -0.111611   -9.80822 
              3.1061  -0.03887 -0.047986  0.522991  0.0553752  0.0358778 -0.0114001 0 0 0 0 0 0  0.183349 0.0600183 0.0144563 -0.000242816  0.000116869  0.000470742 0.00954845 -0.0111539  0.0264765 -0.0600105  -0.111661   -9.80818 
             3.20626 -0.0334893 -0.0451414   0.817727  0.0756164  0.0373466 -0.0124087 0 0 0 0 0 0   0.212337  0.0475143 0.00268621 -0.000231605  0.000142972  0.000549558  0.00911403 -0.00819284   0.0291755 -0.0594348   -0.11445   -9.80815 
             3.30646 -0.0242926 -0.0491692    1.18704   0.0965571   0.0366863 -0.00887795 0 0 0 0 0 0    0.2246  0.025499 0.0166626 -0.000257738  0.000103809  0.000582341 0.00972415 -0.0051434  0.0254888 -0.0598145   -0.11743   -9.80811 
             3.40666 -0.0299598 -0.0554968    1.63286    0.110772   0.0469167 -0.00938026 0 0 0 0 0 0   0.204998  0.0457303 0.00333244 -0.00021383 0.000158308 0.000645784   0.0142523 -0.00979528   0.0276513 -0.064609 -0.113523  -9.80813 
             3.50691 -0.0322389 -0.0577432     2.1846  0.134786 0.0557977 -0.014638 0 0 0 0 0 0  0.225229 0.0546729 -0.023613 -0.000205039  0.000180169  0.000736174  0.0122957 -0.0121788  0.0341945 -0.0630844  -0.110903   -9.80817 
             3.60705 -0.0377463 -0.0656359    2.86427    0.15549  0.0727443 -0.0105532 0 0 0 0 0 0   0.225743  0.0983795 0.00718249 -5.60173e-05  0.000186958  0.000853814  0.0126162 -0.0185507  0.0269654 -0.0649129  -0.105113   -9.80822 
             3.70725 -0.0288047 -0.0673188    3.68262   0.177072  0.0803968 -0.0116895 0 0 0 0 0 0    0.219214   0.0933835 -0.00386872 1.40151e-05 0.000236079 0.000896636  0.0133393 -0.0171545  0.0287595 -0.065118 -0.106584   -9.8082 
             3.80744  -0.022005 -0.0566378    4.57362   0.197266  0.0799223 -0.0109351 0 0 0 0 0 0    0.214071   0.0613166 -0.00185685 0.000110534 0.000218856  0.00095729  0.0156845 -0.0120567  0.0271471 -0.065155  -0.11197  -9.80814 
             3.90764 -0.0204309  -0.066233    5.57572     0.23038   0.0777684 -0.00843313 0 0 0 0 0 0   0.260512  0.0407768 0.00734018 0.000208358 0.000244053 0.000957503   0.0114946 -0.00589296   0.0242151 -0.0587501  -0.115006   -9.80815 
             4.00784 -0.0242353 -0.0754416    6.58953   0.257378  0.0802564 -0.0129533 0 0 0 0 0 0   0.271438  0.0395665 -0.0162262 0.000238858 0.000283511 0.000990657   0.0116117 -0.00476268   0.0296645 -0.0580995  -0.115866   -9.80814 
             4.10805 -0.0287956 -0.0715746    7.71918   0.289472  0.0948173 -0.0119012 0 0 0 0 0 0    0.287733   0.0813061 -0.00146174 0.000151506 0.000339695 0.000999719  0.00678228 -0.00852183   0.0271115 -0.0575321  -0.110063   -9.80821 
             4.20849 -0.0419573 -0.0722872    8.86498   0.317631  0.0978623 -0.0146422 0 0 0 0 0 0   0.285554  0.0600606 -0.0226062  0.00019617 0.000380096 0.000994345  0.00844769 -0.00647059   0.0291042 -0.0568475  -0.112488   -9.80819 
             4.30841 -0.0433545 -0.0613502    10.0182   0.348649   0.103265 -0.0123109 0 0 0 0 0 0  0.290272 0.0708171  0.004705 0.000273584 0.000415803  0.00106619  0.00768968 -0.00505233   0.0249858 -0.0553363  -0.112506    -9.8082 
             4.40862   -0.03885 -0.0651673    11.2804    0.388411    0.112287 -0.00819207 0 0 0 0 0 0  0.321656 0.0950836 0.0162604 0.000305748  0.00047326 0.000972378  0.00267843 -0.00178963   0.0211523 -0.0508335  -0.109001   -9.80826 
             4.50891 -0.0482563 -0.0575941    12.4881    0.420883    0.111054 -0.00786109 0 0 0 0 0 0  0.321009 0.0536236  0.011107    0.000273 0.000547465   0.0009831 0.00684259 0.00267028  0.0225481 -0.0473657  -0.113781   -9.80823 
             4.60905 -0.0889425 -0.0600399     13.704   0.451879   0.126683 -0.0127205 0 0 0 0 0 0   0.316819  0.0849111 -0.0115668 0.000180532 0.000521018  0.00105656  0.00286905 -0.00191466   0.0282205 -0.0515404  -0.109603   -9.80825 
             4.70921  -0.132963 -0.0828348    15.0503   0.48824  0.151272 -0.015873 0 0 0 0 0 0   0.337754   0.125217 -0.0210993 0.000241744 0.000490599  0.00100606 -0.00660143 -0.00590623   0.0300066 -0.0559441  -0.100617   -9.80832 
             4.80942   -0.11158 -0.0863456    16.3243   0.524294   0.153305 -0.0147837 0 0 0 0 0 0    0.350995   0.0996315 -0.00907585 0.000345724 0.000457527 0.000968703 -0.00176361 -0.00118819   0.0270417 -0.0506497  -0.104507   -9.80831 
              4.9096 -0.0655839 -0.0891799    17.6508   0.540049   0.151153 -0.0061943 0 0 0 0 0 0  0.277873 0.0770128 0.0315777 0.000546573 0.000467329 0.000976542   0.0110195 -0.00702861   0.0192104 -0.0528022  -0.118116   -9.80815 
              5.0098 -0.0434842  -0.088783    18.9852     0.567107     0.136833 -0.000114902 0 0 0 0 0 0  0.275001  0.014706 0.0391379 0.000664823 0.000501706 0.000981702    0.0243715 -0.000714391    0.0166257 -0.0422731  -0.128032   -9.80807 
             5.10998 -0.0497121  -0.099834    20.3437    0.590376    0.154947 -0.00192247 0 0 0 0 0 0  0.258904 0.0732475   0.01463 0.000589717 0.000495576  0.00103358   0.0157735 -0.00744036   0.0213072 -0.0519317  -0.123392   -9.80809 
             5.21036 -0.0782546  -0.113709    21.7991    0.620996    0.186072 -0.00779533 0 0 0 0 0 0   0.282088   0.156636 -0.0194141 0.000528649 0.000457656  0.00100228 -8.4088e-05  -0.0103628   0.0267872 -0.0624279  -0.111483   -9.80817 
             5.31076 -0.102237 -0.144738   23.2586   0.651266   0.210265 -0.0126458 0 0 0 0 0 0   0.299386   0.201521 -0.0283501  0.00056748 0.000451563  0.00103287 -0.00540058  -0.0109081   0.0292305 -0.065878 -0.107498  -9.80819 
             5.41058 -0.103363  -0.15571   24.7632    0.688632    0.217748 -0.00971611 0 0 0 0 0 0    0.335444     0.16986 -0.00752348 0.000626837 0.000462029  0.00101021  0.00252199 -0.00345657   0.0245872 -0.0552945  -0.108955   -9.80824 
             5.51077 -0.0835553  -0.140773    26.3043    0.712348    0.231512 -0.00925093 0 0 0 0 0 0     0.29951    0.186553 -0.00190945 0.000693953  0.00051358  0.00106115  0.00716812 -0.00984536   0.0237694 -0.0567723  -0.116607   -9.80814 
             5.61095 -0.0786112  -0.129289    27.9208    0.757827    0.253314 -0.00630767 0 0 0 0 0 0  0.351612  0.223759 0.0123285 0.000661735 0.000459363  0.00105751 0.00385247 0.00105158  0.0216442 -0.051785 -0.106583  -9.80828 
             5.71121  -0.10648 -0.118847   29.6417    0.784882    0.294279 -0.00719681 0 0 0 0 0 0    0.332362    0.291585 -0.00248881 0.000669173 0.000460234  0.00105569  -0.0086116 -0.00673359   0.0226598 -0.0661412  -0.104532   -9.80822 
             5.81137 -0.156437 -0.139561   31.4025   0.817148   0.336844 -0.0150722 0 0 0 0 0 0   0.344571    0.33667 -0.0344877  0.00062575 0.000403797  0.00112714  -0.0187328 -0.00886094   0.0279468 -0.0753873  -0.100177    -9.8082 
             5.91296 -0.216836 -0.189718   33.2422   0.849108   0.362465 -0.0152917 0 0 0 0 0 0   0.338861     0.3341 -0.0170901 0.000693298 0.000343437  0.00113228 -0.0103057 -0.0115891  0.0255059 -0.0699995  -0.107099   -9.80817 
             6.01188 -0.205242 -0.214656   35.1692   0.873009   0.395875 -0.0151163 0 0 0 0 0 0   0.305336    0.34775 -0.0183453  0.00075393 0.000414792  0.00114245 -0.00996974   -0.020238   0.0240682 -0.0741861  -0.114585   -9.80805 
             6.11198 -0.201222 -0.191084   37.1126   0.913944   0.431332 -0.0155434 0 0 0 0 0 0   0.334421   0.356232 -0.0164391 0.000797326 0.000508363  0.00114265 -0.00971059 -0.00976949   0.0227379 -0.0689519  -0.105671   -9.80819 
             6.21216 -0.206212 -0.195301   39.1642      0.96447      0.45361 -7.01955e-05 0 0 0 0 0 0     0.404  0.332854 0.0556714 0.000875832 0.000427983  0.00109801 0.00522745 0.00482538   0.011299  -0.049317 -0.0995743   -9.80837 
             6.31455  -0.20869 -0.231262   41.2398    0.984662    0.490079 -0.00697083 0 0 0 0 0 0    0.323057    0.365245 -0.00572853  0.00100726 0.000458319  0.00113388 0.00273303 -0.0144807  0.0191385 -0.0594195  -0.115856   -9.80814 
             6.41255 -0.166275 -0.175818   43.3455    1.02033   0.505079 -0.0135763 0 0 0 0 0 0   0.309528   0.301926 -0.0319167  0.00107467 0.000597231   0.0011196   0.022855 -0.0126456  0.0225174 -0.0402105  -0.121628   -9.80816 
             6.51274 -0.168353 -0.153834   45.4848    1.06883    0.55716 0.00183445 0 0 0 0 0 0  0.362966  0.402249 0.0441094  0.00111236 0.000553995  0.00113622 0.00677957 0.00768637  0.0108113 -0.0483303 -0.0973352    -9.8084 
             6.61317 -0.191993 -0.174693   47.7401    1.1077  0.589708 0.0032927 0 0 0 0 0 0  0.358089  0.394351 0.0226562 0.00104893 0.00054053 0.00109903  0.0156867 0.00896151  0.0128088 -0.0395378 -0.0988967   -9.80842 
             6.71313 -0.235422 -0.178894   50.0258     1.13902    0.643308 -0.00883847 0 0 0 0 0 0   0.324276   0.452956 -0.0379795   0.0010826 0.000578411   0.0010799 0.000782508  0.00877177   0.0217598 -0.0537498 -0.0948047   -9.80839 
             6.81331 -0.264055 -0.162504   52.2998    1.17304   0.687121 -0.0142837 0 0 0 0 0 0   0.314985   0.464513 -0.0463261  0.00111738 0.000631745  0.00106077 0.00340945  0.0104325  0.0222715 -0.0508015 -0.0938845   -9.80842 
             6.91351 -0.273359 -0.140489   54.5889    1.18967   0.747138 -0.0146119 0 0 0 0 0 0   0.241519   0.526132 -0.0381966  0.00115861 0.000672263  0.00097416 -0.0142557 0.00126907  0.0198188 -0.0700034 -0.0986505   -9.80825 
             7.01372 -0.299157 -0.143492   56.7936   1.22376  0.792644 -0.010948 0 0 0 0 0 0   0.263095   0.509605 0.00565992  0.00109217 0.000644743 0.000959443 -0.00223731  0.00904749    0.015558 -0.0567528 -0.0936033   -9.80839 
             7.11391 -0.372354 -0.154719   58.9376    1.26731   0.841327 -0.0162363 0 0 0 0 0 0   0.302077   0.511198 -0.0257734  0.00107491 0.000682197 0.000913518 0.00843179  0.0262344  0.0188031 -0.0431864 -0.0787557   -9.80859 
             7.21411 -0.377816 -0.123001    60.978    1.30995   0.878367 -0.0181885 0 0 0 0 0 0   0.302825   0.476054 -0.0277495  0.00107315 0.000774537 0.000717716 0.0296335 0.0346041 0.0179956 -0.0210716 -0.0740097    -9.8087 
             7.31428 -0.351432 -0.125727   62.6748     1.37367     0.91794 -0.00152216 0 0 0 0 0 0  0.380444    0.4579 0.0581269  0.00100627 0.000661128 0.000545736  0.055042 0.0666829 0.0069264   0.008381 -0.0461757   -9.80889 
             7.41449 -0.329928 -0.133835   63.9944    1.42269   0.937227 0.00118308 0 0 0 0 0 0  0.407482  0.356423 0.0448834  0.00092317 0.000712075 0.000303418  0.0864993  0.0646518 0.00850282  0.0391089 -0.0522084   -9.80878 
             7.51511 -0.351716 -0.126717   65.0098     1.44676    0.967687 -0.00200291 0 0 0 0 0 0   0.340502   0.317711 0.00148513 0.000882812 0.000753852 0.000306658 0.0826514 0.0467316 0.0127035 0.0333338 -0.069473   -9.8087 
             7.61487 -0.416852 -0.138928   65.9542     1.49471     1.02735 -0.00154696 0 0 0 0 0 0  0.368315  0.408972 0.0117734 0.000896694 0.000747602  0.00017998 0.0643214 0.0755489 0.0127983  0.0180468 -0.0391874   -9.80891 
             7.71522 -0.423338 -0.153748   66.7531     1.53435     1.08494 -0.00354678 0 0 0 0 0 0   0.357829    0.46901 0.00138806   0.00088868  0.000784509 -9.67804e-06 0.0519847  0.087936 0.0142801 0.0069845  -0.02582  -9.80896 
             7.81528 -0.437214 -0.157377   67.0168    1.57784    1.11322 0.00444167 0 0 0 0 0 0  0.375745  0.406764 0.0321535  0.000924057  0.000691032 -0.000181605  0.0746068   0.085099 0.00996455  0.0290913 -0.0305258   -9.80891 
             7.91551 -0.493143 -0.188703   66.9816    1.61439    1.15209 0.00075253 0 0 0 0 0 0  0.374304  0.380788 0.0180077  0.000895685  0.000668845 -0.000263072 0.0758848 0.0828752 0.0140966   0.030216 -0.0328449    -9.8089 
             8.01567 -0.559342 -0.217054    66.775     1.63102     1.19458 -0.00610694 0 0 0 0 0 0   0.305069   0.387428 -0.0452654  0.000858935  0.000735757 -0.000310811  0.061246 0.0667306 0.0180212 0.0145512 -0.047745  -9.80887 
             8.11585 -0.591146 -0.238156   66.4057     1.64768     1.24908 -0.00709704 0 0 0 0 0 0   0.269406    0.43464 -0.0280825   0.00086531  0.000691628 -0.000319323 0.0403099 0.0624067 0.0164688 -0.00650241  -0.0504926    -9.80887 
             8.21605 -0.583507 -0.281957   65.9673     1.6816    1.29287 0.00132855 0 0 0 0 0 0  0.290328  0.438415 0.0167878   0.00093888  0.000630673 -0.000401928 0.0437372 0.0685604  0.010537 -0.00270821  -0.0446582     -9.8089 
             8.31669 -0.516774 -0.280876   65.4024    1.72777    1.34284 0.00855807 0 0 0 0 0 0   0.34466  0.455588 0.0456816  0.000901069  0.000593954 -0.000434325  0.0467597  0.0853641 0.00783191 0.00157554 -0.0282833   -9.80896 
              8.4165 -0.479159 -0.298844   64.8287    1.7499   1.39853 0.0133513 0 0 0 0 0 0  0.304802  0.494204 0.0570036   0.00081874  0.000559912 -0.000412319  0.0336783   0.081185 0.00780876 -0.0117089 -0.0313028   -9.80894 
             8.51666 -0.544466 -0.320315   64.2554   1.76026   1.45895 0.0118208 0 0 0 0 0 0  0.252771  0.516635 0.0237445  0.000809078  0.000551923 -0.000403085 0.0161081 0.0711326 0.0117359 -0.0299296 -0.0396348   -9.80887 
             8.61685 -0.623248 -0.346657   63.6857    1.78728    1.52321 0.00833565 0 0 0 0 0 0   0.269664    0.55245 0.00238405  0.000786701  0.000534748 -0.000388378 0.00751464  0.0773051   0.014454 -0.0377846 -0.0327098   -9.80887 
             8.71717 -0.655535 -0.387086   63.1022    1.80234    1.58855 0.00226026 0 0 0 0 0 0   0.242172   0.579532 -0.0217748  0.000802031  0.000498459 -0.000387488 -0.00397095   0.0725425    0.017518 -0.0495613 -0.0361882   -9.80881 
             8.81722 -0.637218 -0.398573   62.5074    1.83689    1.64527 0.00227473 0 0 0 0 0 0    0.26543   0.568346 -0.0193458   0.000761 0.00056685 -0.0003402 0.000580487   0.0793609   0.0167557 -0.0443304 -0.0299917   -9.80885 
             8.91746 -0.634184 -0.335087   61.9968     1.8626    1.68799 0.00242429 0 0 0 0 0 0    0.265025    0.507341 -0.00576237  0.000757672  0.000635672 -0.000344968 0.00868911  0.0743892  0.0156482 -0.0369763 -0.0358644   -9.80886 
             9.01764 -0.573983 -0.313211   61.4141   1.88924   1.73344 0.0125355 0 0 0 0 0 0  0.273984   0.48727 0.0237767  0.000717166  0.000579857 -0.000325323 0.0118573 0.0729133 0.0105134 -0.0341499 -0.0377688   -9.80887 
             9.11783 -0.546403 -0.325926   60.9141   1.92281   1.77844 0.0163614 0 0 0 0 0 0  0.298481  0.464063 0.0325943  0.000713228   0.00053128 -0.000332815 0.0159628 0.0752915 0.0101374 -0.0298064 -0.0360029   -9.80889 
               9.218 -0.502407 -0.336627   60.4066   1.93605   1.82688 0.0100695 0 0 0 0 0 0    0.245311     0.46872 -0.00958186  0.000721113  0.000557855 -0.000187578  0.010325 0.0663104 0.0141119 -0.0365686 -0.0439392   -9.80883 
             9.32096 -0.488011 -0.345921   60.1761   1.95979    1.8904 0.0148735 0 0 0 0 0 0  0.242337  0.514059 0.0148843  0.000723286  0.000537247 -7.27265e-05 0.00179483  0.0693737  0.0118044 -0.0444661 -0.0396545   -9.80882 
             9.41841 -0.496116 -0.347985   60.1148  1.97193  1.94665 0.017059 0 0 0 0 0 0  0.203682  0.521148 0.0168227   0.00072533  0.000564098 -4.98756e-05 -0.00454828   0.0647003   0.0114502  -0.051413 -0.0431896   -9.80877 
             9.51885 -0.502552 -0.343479   60.1267   1.99244   2.01033 0.0118877 0 0 0 0 0 0    0.207694    0.561167 -0.00146537 0.000697471 0.000537341 4.36697e-05 -0.0104418  0.0674397  0.0147854 -0.0566487 -0.0395124   -9.80876 
             9.61882 -0.529372 -0.366677   60.2502   2.02317   2.06465 0.0130932 0 0 0 0 0 0    0.239547    0.552451 -0.00551025 0.000703263  0.00059092 8.16245e-05 -0.00766986   0.0724587   0.0139807 -0.0531112 -0.0351085   -9.80879 
             9.71899 -0.505562 -0.322535   60.5197   2.04234   2.12457 0.0118796 0 0 0 0 0 0   0.219871     0.5563 -0.0221794 0.000694312 0.000632354 0.000142739 -0.0115744  0.0714248  0.0139959  -0.057085 -0.0354468   -9.80877 
             9.81918 -0.498577 -0.301223   60.8367   2.07008   2.17426 0.0211063 0 0 0 0 0 0   0.2258 0.535345 0.029043 0.000733155 0.000574606 0.000140557 -0.00731764   0.0732732  0.00957616 -0.0527099 -0.0344107    -9.8088 
             9.92082 -0.459641 -0.322985   61.2413    2.0889   2.22624 0.0256704 0 0 0 0 0 0  0.213417  0.529429 0.0338643 0.000748141 0.000446889 0.000174263 -0.0069583  0.0707059 0.00897132 -0.0527935 -0.0369736   -9.80879 
             10.0196 -0.450769 -0.384697   61.5801   2.11746   2.26746 0.0210955 0 0 0 0 0 0   0.219512   0.499587 0.00318466 0.000802374 0.000452428 0.000204193 0.000336189   0.0720235   0.0123822 -0.0454277  -0.036818   -9.80883 
             10.1198 -0.421273 -0.381398   61.9942   2.14768   2.32502 0.0199603 0 0 0 0 0 0   0.238591   0.531422 0.00271747 0.000748179  0.00048322 0.000161991 -0.00121786   0.0777963   0.0128649 -0.0460579 -0.0309495   -9.80884 
               10.22 -0.476728 -0.383688   62.3393   2.17549   2.37491 0.0243231 0 0 0 0 0 0   0.253008    0.51787 0.00691976  0.00073319 0.000510743  0.00014821 0.00116141  0.0791864  0.0109524 -0.0435594 -0.0299576   -9.80886 
             10.3202  -0.52624 -0.376622   62.6839   2.20302   2.43206 0.0214474 0 0 0 0 0 0   0.264415    0.53388 -0.0026251 0.000683217 0.000528151 0.000127552 -0.0013259  0.0815314  0.0127646 -0.0456373 -0.0273065   -9.80886 
             10.4204 -0.551541 -0.380566   63.0096   2.22462   2.47752 0.0173762 0 0 0 0 0 0    0.248335    0.490715 -0.00465818 0.000713554 0.000490651 0.000150889 0.00098507   0.076904  0.0145968 -0.0439657 -0.0321199   -9.80885 
             10.5207 -0.498914 -0.351406   63.3352   2.25369   2.52611 0.0131067 0 0 0 0 0 0   0.246866   0.482006 -0.0430918 0.000778982 0.000544039 0.000178581 0.00266233  0.0788734  0.0158078 -0.0420596 -0.0303948   -9.80886 
             10.6208 -0.432084 -0.305903   63.6974   2.28809   2.57715 0.0207053 0 0 0 0 0 0   0.261624   0.496502 0.00969667 0.000810333 0.000560062 0.000139605 0.00413032   0.084373  0.0110169 -0.0400369 -0.0252248   -9.80889 
             10.7209 -0.414743 -0.304117   64.0657   2.31027    2.6377 0.0262555 0 0 0 0 0 0  0.238262  0.542089 0.0297023 0.000770044 0.000526889 0.000168705 -0.00161819   0.0849894  0.00917923 -0.0456194 -0.0239758   -9.80886 
             10.8212 -0.447025  -0.32698   64.3923   2.33566   2.68042 0.0314498 0 0 0 0 0 0  0.254997  0.493261 0.0513424 0.000766074 0.000542109 0.000161448 0.00359738  0.0824994 0.00866639 -0.0407846 -0.0269786   -9.80888 
             10.9214 -0.461866 -0.303233   64.7386    2.3583   2.71963 0.0269795 0 0 0 0 0 0    0.232338    0.458777 -0.00404933 0.000771325 0.000578248 0.000209061 0.00738415  0.0788894  0.0118787 -0.0373933 -0.0308836   -9.80888 
             11.0217 -0.437713 -0.263557   65.0892   2.37936   2.77994 0.0221031 0 0 0 0 0 0   0.217658   0.509038 -0.0250033 0.000782905 0.000593133 0.000169669 0.000659366   0.0817997   0.0138191 -0.0436908 -0.0273911   -9.80886 
             11.1218 -0.402849 -0.273992   65.4047   2.40415   2.83776 0.0278051 0 0 0 0 0 0  0.208065  0.539241 0.0148957 0.000771649 0.000611641 0.000172962 -0.0012019  0.0852392  0.0105144 -0.0452548  -0.023866   -9.80887 
             11.2219 -0.426037 -0.259127   65.7362    2.4225   2.89462 0.0331621 0 0 0 0 0 0  0.205563  0.546352 0.0221626  0.00071897 0.000576323 0.000170505 -0.00311703   0.0848951  0.00891314 -0.0471821 -0.0240515   -9.80886 
             11.3255 -0.471703  -0.26808   66.0416   2.44416   2.94917 0.0307079 0 0 0 0 0 0    0.20799   0.518854 0.00472483  0.00066881 0.000612501 0.000216794 -0.00270326    0.084768       0.011 -0.0467581 -0.0242004   -9.80886 
             11.4225 -0.486896 -0.257671   66.4197   2.45594   3.01392 0.0234936 0 0 0 0 0 0    0.18192   0.563404 -0.0342075  0.00067674 0.000634031 0.000224829 -0.0108106   0.084909  0.0136796 -0.0546704 -0.0234886   -9.80882 
             11.5229 -0.477335 -0.258639   66.8034   2.49426   3.06519 0.0317328 0 0 0 0 0 0 0.238183 0.557966 0.011252 0.000728972 0.000577619 0.000188754 -0.00312898   0.0923321  0.00913358 -0.0467205 -0.0167107   -9.80887 
             11.6227 -0.454466 -0.288575   67.1293   2.53354   3.10918 0.0326817 0 0 0 0 0 0  0.281653  0.521935 0.0167806  0.00071538 0.000584265 0.000194494 0.00560322  0.0960848 0.00940533 -0.0379205 -0.0135333   -9.80892 
              11.723 -0.455787 -0.288241   67.4591   2.55109    3.1474 0.0374367 0 0 0 0 0 0  0.240291  0.473058 0.0302776 0.000687277 0.000586296 0.000183087 0.00866875  0.0884825 0.00830173 -0.0353176 -0.0211636   -9.80891 
             11.8231 -0.487988 -0.289748   67.8049    2.5707      3.21 0.0348672 0 0 0 0 0 0   0.226641   0.520271 0.00663255 0.000664562 0.000579573  0.00022315 0.00153992   0.090595  0.0104025 -0.0422006 -0.0187638   -9.80889 
             11.9233 -0.521378 -0.279055   68.1593   2.58741   3.26909 0.0322865 0 0 0 0 0 0   0.205627   0.539882 -0.0125914 0.000644053 0.000569979 0.000171094 -0.00288042   0.0899511   0.0113098 -0.0465565  -0.019223   -9.80887 
             12.0235 -0.533836 -0.297677   68.4936   2.60123   3.32897 0.0331064 0 0 0 0 0 0    0.177311    0.563862 -0.00489483 0.000655373 0.000544893 0.000218743 -0.00638942   0.0887484   0.0108085 -0.0500504 -0.0202931   -9.80885 
             12.1237 -0.534013 -0.309824   68.8182   2.61985    3.3781 0.0283622 0 0 0 0 0 0  0.167171  0.526888 -0.015184 0.000666949 0.000568975 0.000218574 -0.00327981   0.0872761   0.0124219 -0.0470094 -0.0218114   -9.80886 
             12.2239 -0.529384 -0.270461   69.1998   2.64343   3.43791 0.0235731 0 0 0 0 0 0   0.189567   0.534963 -0.0420248 0.000648408 0.000650672 0.000196816 -0.00429974   0.0914584   0.0132613  -0.047917 -0.0176777   -9.80887 
             12.3241 -0.545496 -0.253352   69.5666   2.65564   3.49224 0.0318658 0 0 0 0 0 0  0.163411  0.544894 0.0271934 0.000629006 0.000581381 0.000193781 -0.00592107   0.0892092   0.0098908 -0.0495915 -0.0198832   -9.80885 
             12.4243 -0.525798 -0.297166   69.9199  2.68366  3.53688 0.036085 0 0 0 0 0 0 0.188531 0.508681 0.020168 0.000739319 0.000555856 0.000190687 -9.80669e-05    0.0913528   0.00912176 -0.0438681  -0.017827   -9.80889 
             12.5245 -0.510402 -0.289153   70.2364   2.70861   3.58803 0.0362732 0 0 0 0 0 0   0.19656  0.511005 0.0230662 0.000786253 0.000566685 0.000202402 0.00126964  0.0937521 0.00979447 -0.0425128 -0.0154696    -9.8089 
             12.6247 -0.510417 -0.308435   70.5648   2.72375   3.64521 0.0474902 0 0 0 0 0 0   0.17926  0.533588 0.0592636 0.000707325 0.000476731 0.000211444 -0.00176157   0.0936034  0.00674876  -0.045529 -0.0156454   -9.80888 
             12.7249 -0.569527 -0.363125   70.9186   2.73477   3.70564 0.0385191 0 0 0 0 0 0    0.15297   0.555052 -0.0075585 0.000682049 0.000599824 0.000197179 -0.00600827   0.0928322   0.0118002 -0.0496232 -0.0164183   -9.80886 
             12.8251 -0.604681 -0.319416   71.2213   2.75379   3.76947 0.0338637 0 0 0 0 0 0   0.163997   0.575528 -0.0160113 0.000685756 0.000601806 0.000228061 -0.00793926   0.0962355   0.0133406 -0.0515533 -0.0131014   -9.80886 
             12.9253 -0.628616 -0.323087   71.5588   2.77572   3.82262 0.0259699 0 0 0 0 0 0   0.174406   0.553335 -0.0529299  0.00069615 0.000654389  0.00019019 -0.00485162   0.0970279   0.0148275 -0.0485201  -0.012246   -9.80887 
             13.0255 -0.638659 -0.292373   71.8989   2.79354   3.87546 0.0335711 0 0 0 0 0 0   0.178907   0.539217 -0.0120086 0.000663388 0.000652727 0.000204398 -0.00407138   0.0967287   0.0107907 -0.0478116 -0.0125505   -9.80888 
             13.1258 -0.671735 -0.318606   72.2726   2.80767   3.94048 0.0418575 0 0 0 0 0 0  0.166131  0.575698 0.0476808 0.000665342 0.000596473  0.00017994 -0.00864895   0.0981167  0.00814782 -0.0523891 -0.0113657   -9.80885 
             13.2258 -0.666004 -0.354692   72.5884   2.82933   3.98966 0.0387319 0 0 0 0 0 0     0.175025     0.555273 -0.000531115 0.000733265 0.000601904 0.000192136 -0.00461653   0.0975918   0.0104738 -0.0483801 -0.0116997   -9.80887 
             13.3261 -0.586979 -0.333891   72.9138   2.85178   4.04475 0.0337841 0 0 0 0 0 0    0.176067     0.54453 -0.00708977 0.000766056 0.000660443 0.000220371 -0.00345032   0.0996677   0.0123478  -0.0473027 -0.00959755    -9.80888 
             13.4263 -0.534829 -0.313949   73.2717   2.86497   4.10456 0.0461788 0 0 0 0 0 0  0.150287  0.568355 0.0470802 0.000745579 0.000567362 0.000206559 -0.00617173   0.0997902  0.00783274  -0.0500381 -0.00965183    -9.80887 
             13.5264 -0.546997 -0.310939   73.6334   2.87374   4.15348 0.0466505 0 0 0 0 0 0  0.127329  0.532931 0.0350089 0.000711437 0.000626771 0.000211409 -0.00479751   0.0955757  0.00911525 -0.0484382 -0.0136867   -9.80887 
             13.6267  -0.58259 -0.262891   73.9576   2.90096   4.20558 0.0483031 0 0 0 0 0 0  0.183248  0.521794 0.0249847 0.000681969 0.000615597  0.00016595 -0.000358659      0.10004   0.00968353  -0.0443719 -0.00904083     -9.8089 
             13.7287  -0.62501 -0.292472   74.2655   2.91546   4.27406 0.0452417 0 0 0 0 0 0     0.161298     0.573786 -0.000610645 0.000685495 0.000659836 0.000220974 -0.00608247    0.102797   0.0115422  -0.0501265 -0.00672675    -9.80887 
              13.827 -0.637928 -0.279272   74.5908   2.92731    4.3189 0.0442954 0 0 0 0 0 0     0.143661     0.533936 -0.000112743 0.000665904 0.000672212 0.000219026 -0.00299811   0.0982304   0.0119251 -0.0467712  -0.010955   -9.80888 
             13.9272 -0.661388 -0.268157   74.9509    2.9295    4.3773 0.0455064 0 0 0 0 0 0   0.111274   0.540838 0.00737201 0.000674388 0.000658179 0.000231016 -0.00788072   0.0954615    0.011468 -0.0513226 -0.0140483   -9.80886 
             14.0274 -0.648434 -0.252873   75.3248   2.95424   4.43799 0.0460888 0 0 0 0 0 0    0.153583    0.567523 0.000994323 0.000681816 0.000656596 0.000199407 -0.00619803    0.101988   0.0113938   -0.050242 -0.00754147    -9.80887 
             14.1277 -0.628195 -0.245974   75.6925   2.96388   4.49029 0.0428269 0 0 0 0 0 0   0.130738   0.550641 -0.0189697 0.000720043 0.000651821 0.000208076 -0.00614254   0.0990563   0.0123661 -0.0499068  -0.010386   -9.80887 
             14.2278 -0.595722 -0.277975   76.0358   2.98971   4.55756 0.0493773 0 0 0 0 0 0  0.160225   0.59041 0.0282287 0.000706507 0.000601516 0.000223103 -0.00636164    0.106768   0.0100047  -0.0509047 -0.00291581    -9.80887 
              14.328 -0.570512 -0.278623   76.4154  2.99156  4.61727 0.047709 0 0 0 0 0 0   0.110437   0.591652 0.00693478 0.000776165 0.000623713 0.000211292 -0.00977715    0.102813   0.0111214  -0.0538054 -0.00710705    -9.80885 
             14.4282 -0.574527 -0.247159   76.7471    3.0163   4.66776 0.0504152 0 0 0 0 0 0   0.146251   0.566305 0.00577502 0.000689264   0.0006206 0.000203194 -0.00373637    0.104978   0.0105998   -0.048179 -0.00434346    -9.80888 
             14.5284 -0.606337 -0.251605   77.0868   3.02299   4.72476 0.0542099 0 0 0 0 0 0  0.117617  0.567849 0.0305204 0.000693822 0.000625096 0.000216868 -0.00588822    0.102659  0.00984793  -0.0500112 -0.00684658    -9.80887 
             14.6286 -0.653384 -0.236298   77.4177   3.03468   4.79347 0.0467684 0 0 0 0 0 0  0.116619   0.59603 -0.012313 0.000699698  0.00068683 0.000223029 -0.00942275    0.105781   0.0126561  -0.0537778 -0.00423337    -9.80885 
             14.7288 -0.642323 -0.179056   77.7922   3.03987   4.86065 0.0510266 0 0 0 0 0 0   0.100239   0.617023 0.00887602 0.000680806 0.000665889 0.000234602 -0.0133791   0.105949  0.0111828  -0.0576555 -0.00457784    -9.80883 
              14.829 -0.620549 -0.206475   78.1737   3.06102   4.91856 0.0533945 0 0 0 0 0 0  0.127815  0.602647 0.0288501 0.000715017 0.000602534 0.000224669 -0.00956811    0.108243   0.0108814  -0.0542735 -0.00185636    -9.80885 
             14.9292 -0.567862 -0.234624    78.524   3.06993   4.96827 0.0454179 0 0 0 0 0 0 0.0917978  0.566733  -0.02681 0.000765133 0.000624114 0.000228069 -0.00716939    0.104543   0.0138222  -0.0514005 -0.00508862    -9.80886 
             15.0294 -0.530343 -0.190679   78.8636   3.08871   5.02445 0.0496129 0 0 0 0 0 0   0.114612   0.562026 0.00212589  0.00075039 0.000623283 0.000205044 -0.0043956    0.10757  0.0118785 -0.0491817 -0.0017759   -9.80888 
             15.1296 -0.535857 -0.190116   79.2147   3.09836    5.0761 0.0625851 0 0 0 0 0 0  0.109176  0.549825 0.0539933 0.000698119 0.000568898 0.000210114 -0.00351147    0.105865  0.00795847  -0.0481274 -0.00330168    -9.80888 
             15.2298 -0.602469 -0.237727    79.548   3.09707   5.13928 0.0588046 0 0 0 0 0 0 0.0650174  0.572278 0.0151244 0.000685948 0.000578522 0.000225031 -0.00890349    0.104441   0.0105925 -0.0530718 -0.0054981   -9.80885 
               15.33 -0.616662 -0.245627   79.9128   3.10159   5.19602 0.0499221 0 0 0 0 0 0   0.039798   0.568637 -0.0345957 0.000685289 0.000642616  0.00019781 -0.00907849      0.1037   0.0134863  -0.0530853 -0.00622931    -9.80885 
             15.4302 -0.630501 -0.193289   80.2548   3.11695   5.25808 0.0520995 0 0 0 0 0 0  0.0789079   0.582406 -0.0223492 0.000665222 0.000680901  0.00017721 -0.00758556    0.108643   0.0116656  -0.0524892 -0.00123845    -9.80886 
             15.5304 -0.673811  -0.19943   80.5811  3.13004  5.32146 0.065353 0 0 0 0 0 0  0.102951  0.594007 0.0598804  0.00063273 0.000620265 0.000227825 -0.00800175    0.111851  0.00767334 -0.0534889 0.00175076   -9.80885 
             15.6306 -0.728907 -0.275843   80.9957   3.12622   5.37706 0.0539716 0 0 0 0 0 0 0.0651763  0.591869 -0.008183 0.000657796 0.000557153 0.000183605 -0.0111654   0.106387  0.0122979   -0.055501 -0.00401718    -9.80884 
             15.7308 -0.663897 -0.299769   81.3144    3.1422    5.4265 0.0476953 0 0 0 0 0 0  0.0730604   0.555257 -0.0385653 0.000765184 0.000576922 0.000208875 -0.00590811    0.106901   0.0139326  -0.0505349 -0.00255898    -9.80887 
             15.8309 -0.544818 -0.274906   81.6836    3.1509   5.48017 0.0515088 0 0 0 0 0 0  0.0514809   0.544184 0.00194326 0.000783233  0.00056191 0.000197056 -0.00482217    0.107379   0.0118114  -0.0496116 -0.00191469    -9.80887 
             15.9311 -0.486352 -0.283489   81.9839   3.15943   5.53712 0.0631672 0 0 0 0 0 0 0.0476043  0.559587 0.0415393 0.000711884 0.000502281 0.000202207 -0.00437181    0.109183  0.00841855   -0.0495629 -0.000124492     -9.80887 
             16.0313 -0.578087  -0.32997    82.325   3.17287   5.59539 0.0725504 0 0 0 0 0 0 0.0835871  0.575206 0.0673145 0.000665819 0.000462247 0.000183004 -0.00257275    0.112054  0.00719519 -0.0484224 0.00296392   -9.80888 
             16.1315 -0.695582 -0.357165    82.635    3.1822   5.65773 0.0663993 0 0 0 0 0 0 0.0806687  0.591818  0.013597 0.000641079 0.000541492 0.000159583 -0.00344952    0.113379   0.0108553 -0.0494929 0.00406913   -9.80887 
             16.2317 -0.757794 -0.327864    82.904  3.18309  5.72524 0.057252 0 0 0 0 0 0  0.0511714   0.636681 -0.0384566 0.000628854 0.000520422 0.000125132 -0.00711054    0.113403   0.0139718 -0.0529499 0.00335685   -9.80886 
             16.3319 -0.785429 -0.349552   82.9528   3.19054   5.75677 0.0550834 0 0 0 0 0 0  0.0494734   0.536455 -0.0133032   0.00063644  0.000487043 -3.87907e-05 0.00251748   0.104685    0.01358  -0.0419674 -0.00290378    -9.80891 
             16.4321 -0.789961 -0.377894   82.6677   3.21909   5.80103 0.0597988 0 0 0 0 0 0   0.137086   0.520104 0.00483111  0.000654219  0.000440807 -0.000132704 0.0119459  0.107995 0.0115409 -0.0337473 0.00223631   -9.80894 
              16.533 -0.756887 -0.444229   82.0545   3.24553   5.83623 0.0548552 0 0 0 0 0 0   0.176775   0.473912 -0.0236598  0.000686361  0.000480677 -0.000285545 0.0204919  0.106131 0.0130258 -0.0252218 0.00230551   -9.80897 
             16.6325 -0.703805  -0.40302   81.1652   3.26291   5.89192 0.0579092 0 0 0 0 0 0   0.16584  0.508999 0.0138537  0.000694003  0.000473374 -0.000357623 0.0188869  0.108495 0.0118465 -0.0272484 0.00420376   -9.80896 
             16.7327 -0.677131 -0.423189   80.0653   3.28871   5.96118 0.0633158 0 0 0 0 0 0   0.20938  0.580766 0.0257224  0.000639754  0.000423628 -0.000511612 0.0166072  0.115015 0.0103579 -0.0307185  0.0099412   -9.80895 
             16.8329 -0.703054 -0.467646   78.7322   3.31712   6.03446 0.0733506 0 0 0 0 0 0 0.247239 0.644886  0.05783  0.000588978  0.000407229 -0.000522105  0.0147435    0.11992 0.00884611 -0.0333988   0.014266   -9.80893 
             16.9331 -0.717469 -0.437851     77.34   3.30935   6.10919 0.0680204 0 0 0 0 0 0   0.163231   0.672277 0.00892737  0.000512783  0.000458395 -0.000541057 0.0051962  0.114381 0.0117106 -0.0416116 0.00744646   -9.80891 
             17.0333 -0.775407  -0.40712   75.8994   3.30676   6.18919 0.0699308 0 0 0 0 0 0  0.136552  0.711603 0.0242914  0.000405898  0.000393457 -0.000500476 -0.00160449    0.112268   0.0117985 -0.0478464 0.00450589   -9.80888 
             17.1335 -0.854339 -0.470346   74.4991   3.33196   6.25955 0.0623174 0 0 0 0 0 0    0.20615   0.712586 -0.0208094  0.000423221  0.000395011 -0.000588036 0.000274359    0.113914    0.014547 -0.0461626 0.00630964   -9.80889 
             17.2337 -0.864771 -0.485294   73.0445   3.37356   6.32799 0.0557303 0 0 0 0 0 0   0.291183   0.698358 -0.0369487   0.00055856  0.000446839 -0.000585864 0.00441102   0.117794  0.0158946 -0.0424099  0.0103303    -9.8089 
             17.3339 -0.708149 -0.468857   71.4661   3.40376   6.39216 0.0557758 0 0 0 0 0 0    0.29445   0.678174 -0.0285909  0.000538541  0.000456024 -0.000607226 0.00595137   0.117322  0.0147231 -0.0409466  0.0098979   -9.80891 
             17.4341 -0.63213 -0.47729  69.9265   3.42881   6.45912 0.0790061 0 0 0 0 0 0  0.308195  0.678531 0.0912604  0.000465169  0.000378171 -0.000589712 0.00519609   0.116112 0.00774615 -0.041846 0.0086798  -9.80891 
             17.5343 -0.677961 -0.500506   68.5394   3.45056    6.5654 0.0871188 0 0 0 0 0 0  0.312207    0.7923 0.0718189  0.000362823  0.000465105 -0.000373848 -0.00412409    0.118925  0.00785355 -0.0504634  0.0120596   -9.80886 
             17.6345 -0.709641 -0.471799   67.6706   3.45931   6.66646 0.0696335 0 0 0 0 0 0   0.253808   0.848044 -0.0411865  0.000228962  0.000567111 -0.000217315 -0.0111248    0.11678  0.0139434 -0.0571852  0.0110453   -9.80883 
             17.7347 -0.688685 -0.443826   66.9896   3.47272   6.75131 0.0588233 0 0 0 0 0 0   0.231127   0.844461 -0.0630412 0.000239101 0.000498736 -0.00013761 -0.0124271   0.114389  0.0155055  -0.058808 0.00910142   -9.80882 
             17.8349 -0.618873 -0.468206   66.3993   3.50691   6.82669 0.0688678 0 0 0 0 0 0     0.258764     0.818597 -0.000451998  0.000322466  0.000458985 -0.000106712 -0.00965797    0.115879   0.0112812 -0.0560623 0.00973935   -9.80883 
              17.935 -0.557163 -0.457561   65.9442   3.52822   6.88554 0.0824553 0 0 0 0 0 0  0.246498  0.739801 0.0409649  0.000294824  0.000463824 -9.99227e-05 -0.00574465    0.113487   0.0073014 -0.0533717 0.00646195   -9.80885 
             18.0352 -0.558461 -0.387497   65.4971   3.55146   6.95544 0.0818228 0 0 0 0 0 0   0.24849   0.71968 0.0188551  0.000200766  0.000451372 -5.29462e-05 -0.00510978    0.112983    0.008706  -0.05294 0.0058298  -9.80886 
             18.1355 -0.646568 -0.380926    65.134   3.58326   7.03301 0.0765278 0 0 0 0 0 0   0.287394   0.725938 0.00276862  0.000194328  0.000463211 -5.74002e-05 -0.00576026    0.114296   0.0106104 -0.0529929 0.00719265   -9.80885 
             18.2356 -0.672128 -0.325941   64.7522   3.61712   7.10135 0.0695133 0 0 0 0 0 0   0.302808   0.710981 -0.0400268  0.000199341  0.000455852 -3.93513e-05 -0.00476184    0.114907   0.0123494 -0.0518719 0.00734209   -9.80886 
             18.3358 -0.661496 -0.303228   64.4455   3.64956   7.17875 0.0745336 0 0 0 0 0 0   0.311277   0.727436 -0.0059249  0.000221992  0.000475516 -3.92474e-05 -0.00579722     0.11573   0.0099056 -0.0524871 0.00843448   -9.80886 
             18.4361 -0.638442 -0.271702   64.1086   3.68027     7.243 0.0773404 0 0 0 0 0 0   0.318731   0.702738 0.00726125  0.000235872  0.000420488 -2.53432e-05 -0.00443545    0.115219  0.00886602 -0.0516168 0.00745567   -9.80886 
             18.5363  -0.61702 -0.288065   63.8026   3.71019   7.31377 0.0828494 0 0 0 0 0 0  0.308294  0.702972 0.0100946  0.000221843  0.000417743 -4.80208e-05 -0.00458949    0.115049  0.00784549 -0.0518483 0.00739009   -9.80886 
             18.6364 -0.609752 -0.271147   63.4295    3.7408   7.39125 0.0823835 0 0 0 0 0 0   0.305324   0.727323 0.00388272  0.000201062  0.000416862 -2.77803e-05 -0.0057185   0.115352 0.00827888   -0.05259 0.00813767   -9.80886 
             18.7366 -0.614953  -0.26438   63.0938   3.78086   7.45844 0.0825866 0 0 0 0 0 0  0.350896  0.716328 0.0164417  0.000157967  0.000343902 -5.09209e-05 -0.00452452    0.116451  0.00821247 -0.0511482 0.00842628   -9.80886 
             18.8368 -0.665357 -0.298073   62.7178    3.8047   7.52716 0.0838153 0 0 0 0 0 0  0.336235  0.697322 0.0122539  0.000125966  0.000364681 -3.26634e-05 -0.00457359     0.11466  0.00844696 -0.0520622 0.00709097   -9.80886 
             18.9374 -0.705299 -0.259992   62.3704   3.84539   7.61356 0.0712191 0 0 0 0 0 0   0.377105   0.725255 -0.0492852  0.000145689   0.00051984 -4.55419e-06 -0.00706006    0.116085   0.0115549  -0.053046 0.00939669   -9.80885 
             19.0372 -0.659132 -0.110417   62.0352   3.88118   7.66526 0.0610713 0 0 0 0 0 0   0.357123   0.660793 -0.0741855  0.000188357  0.000431283 -5.68652e-06 -0.0039353   0.115329  0.0125904 -0.0511719 0.00716313   -9.80886 
             19.1375 -0.585799 -0.131214   61.7031   3.91307   7.74258 0.0770569 0 0 0 0 0 0   0.33588  0.708685 0.0172998  0.000182397  0.000398116 -1.91315e-05 -0.00547354    0.115235  0.00752085 -0.0524977 0.00804153   -9.80886 
             19.2376  -0.588847 -0.0543324    61.3689   3.94652    7.8152 0.0903465 0 0 0 0 0 0  0.338314  0.693733 0.0634019 0.000143818 0.000392904 1.49535e-05 -0.00576762    0.115261  0.00479242 -0.0527837 0.00828892   -9.80885 
             19.3378 -0.690264 0.0514957   61.0973   3.98303   7.87397 0.0900051 0 0 0 0 0 0   0.361053   0.648582 0.00462314 0.000129149 0.000341918 1.53815e-05 -0.00417693     0.11525  0.00578799 -0.0517215 0.00730135   -9.80886 
              19.438 -0.802278 0.0460787    60.826   4.01769    7.9508 0.0808109 0 0 0 0 0 0   0.363933   0.675584 -0.0314128 0.000177853 0.000324084 3.45038e-06 -0.00594501    0.114941  0.00835244 -0.0529142 0.00811567   -9.80885 
             19.5382 -0.784842 0.0809119   60.5657  4.05729  8.02947 0.071619 0 0 0 0 0 0   0.378439   0.703112 -0.0625489 0.000214703  0.00035843  2.2635e-05 -0.00734936    0.115399  0.00963331 -0.0534085 0.00923544   -9.80885 
             19.6384 -0.689109    0.1382   60.2901   4.09615   8.10388 0.0742183 0 0 0 0 0 0   0.377698   0.726914 -0.0293176 0.000204791 0.000316579   2.656e-05 -0.00770271    0.115655  0.00754345 -0.0535491 0.00970271   -9.80885 
             19.7386 -0.593413 0.0315677   60.0307   4.13401   8.17881 0.0822042 0 0 0 0 0 0  0.376316  0.751404 0.0288924 0.000184926 0.000316016 6.11097e-05 -0.00783898    0.115725  0.00543829 -0.0536796 0.00992956   -9.80885 
             19.8388 -0.605895 0.0451655   59.7655   4.17597   8.21977 0.0900766 0 0 0 0 0 0  0.393963  0.629656 0.0532289 0.000212378 0.000281778 9.62759e-06 -0.00334225    0.116099  0.00418003 -0.0511137  0.0071191   -9.80886 
              19.939 -0.676925  0.139424   59.4828   4.21077   8.30208 0.0980858 0 0 0 0 0 0  0.391398  0.675641 0.0524052 0.000189977 0.000338969 4.25865e-05 -0.00595518    0.115541  0.00353182 -0.0528325 0.00868609   -9.80885 
             20.0392 -0.712546  0.184482    59.217   4.25568   8.36839 0.0845678 0 0 0 0 0 0    0.428622    0.664651 -0.00696713 0.000157744 0.000280337 5.94387e-06 -0.00598048       0.116  0.00811078 -0.052342 0.0086917  -9.80886 
             20.1394 -0.742811  0.173243   58.9359   4.28796   8.43688 0.0773416 0 0 0 0 0 0   0.394497   0.671789 -0.0372356 0.000187829  0.00027002 5.75109e-05 -0.00622577    0.114537  0.00933528 -0.0534545 0.00814983   -9.80885 
             20.2395 -0.690972  0.224426   58.6973   4.33548   8.50501 0.0698619 0 0 0 0 0 0   0.406002   0.669041 -0.0620764 0.000248647 0.000333175 3.88807e-05 -0.00654512    0.115554   0.0100118 -0.0528114 0.00876674   -9.80885 
             20.3397 -0.544535  0.233041   58.4402   4.37377    8.5721 0.0775884 0 0 0 0 0 0   0.401367   0.682846 0.00473365 0.000170758 0.000224431 4.47452e-05 -0.00632344    0.115307  0.00709787   -0.05303 0.00869547   -9.80885 
             20.4399 -0.552112  0.172327   58.1566   4.41754   8.64501 0.0919302 0 0 0 0 0 0  0.424543  0.695189 0.0632072 0.000143179 0.000253106 4.67829e-05 -0.00676983    0.115696  0.00415711 -0.0529982 0.00936165   -9.80885 
             20.5401 -0.632641  0.279359   57.9203   4.45261   8.71525 0.0962055 0 0 0 0 0 0  0.398724  0.679683 0.0335997 0.000137937 0.000321352 2.48055e-05 -0.00688441    0.114822  0.00442209 -0.0536936 0.00915016   -9.80885 
             20.6404 -0.638262  0.314987   57.6596    4.5084   8.78289 0.0850973 0 0 0 0 0 0   0.469858   0.684672 0.00965398  0.00017742 0.000210798 1.66968e-05 -0.00728099    0.116419  0.00802902 -0.0524732 0.00966252   -9.80885 
             20.7405 -0.589962  0.202417   57.3608   4.55089   8.84966 0.0822355 0 0 0 0 0 0   0.448478   0.673462 -0.0140373 0.000204774 0.000241013 3.08501e-05 -0.0070264   0.115962 0.00862547 -0.0527469 0.00930409   -9.80885 
             20.8408 -0.521658  0.302436   57.0914   4.59047   8.91576 0.0813353 0 0 0 0 0 0    0.41804   0.673022 -0.0297018 0.000206299 0.000266472 2.54642e-05 -0.00675984    0.115514   0.0082455 -0.0530487  0.0090244   -9.80885 
             20.9409 -0.430416  0.295512   56.8271   4.62781   8.98868 0.0821725 0 0 0 0 0 0     0.40489    0.697919 -0.00751243 0.000103031 0.000164917 4.68225e-05 -0.00712878    0.114902  0.00782527 -0.0536054 0.00923565   -9.80885 
             21.0411 -0.484143  0.215488   56.5597   4.65452   9.05635 0.0922903 0 0 0 0 0 0 0.365544 0.680301 0.031658 4.25725e-05 0.000202235 3.49701e-05 -0.00632554    0.113502  0.00541207 -0.0546303 0.00858386   -9.80884 
             21.1414 -0.607453   0.37446   56.3121   4.70559   9.12484 0.0882315 0 0 0 0 0 0    0.414124    0.668418 -0.00742316 6.60585e-05 0.000232541 5.01028e-05 -0.00692067    0.114974  0.00696314 -0.0535109  0.0090877   -9.80885 
             21.2416  -0.6462 0.350845   56.091   4.74619   9.18976 0.0800961 0 0 0 0 0 0   0.438057   0.666694 -0.0122136 4.11314e-05 0.000145375 4.62392e-05 -0.00672315     0.11467  0.00895375 -0.0537103 0.00874895   -9.80885 
             21.3417 -0.654108  0.204005   55.8786   4.80095   9.25979 0.0787656 0 0 0 0 0 0   0.474556    0.67531 -0.0125996 0.000124588 0.000221334 7.14897e-05 -0.00744215     0.11562  0.00881579 -0.0529879  0.0093562   -9.80885 
             21.4419 -0.545495  0.337424   55.6853   4.85013   9.31993 0.0741656 0 0 0 0 0 0   0.462697   0.643738 -0.0440014 0.000169588 0.000257945 4.72513e-05 -0.00685523    0.116086  0.00925064 -0.0526189 0.00885933   -9.80885 
             21.5424 -0.403684  0.370719   55.4672   4.88986   9.39551 0.0798999 0 0 0 0 0 0    0.435889    0.695242 -0.00539089 0.000119961 0.000157075 3.97288e-05 -0.00747888    0.115212  0.00717491 -0.0532967 0.00955209   -9.80885 
             21.6423 -0.388014  0.289727   55.2197   4.93671   9.45722 0.0909457 0 0 0 0 0 0  0.462329  0.656905 0.0481896 6.97173e-06 0.000143063 5.55947e-05 -0.00672896    0.115827  0.00493806 -0.0528836 0.00911759   -9.80885 
             21.7425 -0.537945   0.30119   55.0135   4.97553   9.52841 0.0976753 0 0 0 0 0 0  0.442879  0.661525 0.0504932 3.85729e-05  0.00018809 6.17267e-05 -0.00696576    0.114883   0.0044157 -0.0535756 0.00943604   -9.80885 
             21.8427 -0.582559  0.290076   54.8087  5.02378  9.59595 0.082956 0 0 0 0 0 0   0.468766   0.669293 -0.0121488 6.05218e-05 0.000153602 3.24112e-05 -0.00750506    0.115018  0.00922455 -0.0534142 0.00943108   -9.80885 
             21.9434 -0.562164  0.219396   54.5567   5.07352    9.6682 0.0778123 0 0 0 0 0 0   0.473968   0.689375 -0.0214333 9.83387e-05 0.000185942 4.87768e-05 -0.0081272    0.11504  0.0100218  -0.053293 0.00982334   -9.80885 
             22.0431 -0.525599  0.303649   54.3374    5.1216   9.72826 0.0772333 0 0 0 0 0 0   0.466241   0.644886 -0.0420262 0.000102075 0.000242215 5.38765e-05 -0.00739499    0.115589   0.0092908 -0.0530402 0.00923946   -9.80885 
             22.1433 -0.484606  0.311825   54.1391   5.16748   9.78983 0.0786209 0 0 0 0 0 0     0.466764      0.64678 -0.000521363 5.16977e-05  0.00015014 5.67753e-05 -0.00687722    0.115716   0.0083967 -0.0530692 0.00891372   -9.80885 
             22.2435 -0.538994  0.217993    53.892   5.21145   9.86786 0.0925205 0 0 0 0 0 0   0.46194  0.690091 0.0540736 3.54093e-05 0.000175743 6.68892e-05 -0.00771844    0.114788  0.00559182 -0.0534875 0.00997964   -9.80885 
             22.3438 -0.618216  0.356863   53.7013   5.25978   9.93288 0.0954239 0 0 0 0 0 0  0.465218  0.661236 0.0311831 2.89398e-05 0.000269294 6.78002e-05 -0.00754484    0.115125  0.00597651 -0.0533097 0.00972936   -9.80885 
             22.4442 -0.67747 0.416503  53.4775   5.29373   9.99578 0.0814083 0 0 0 0 0 0   0.452706    0.63981 -0.0207875 4.43176e-05 0.000179155 7.01523e-05 -0.00672468    0.113928  0.00973693 -0.0543956 0.00924447   -9.80884 
             22.5441 -0.646391  0.272462     53.33   5.34815   10.0669 0.0815754 0 0 0 0 0 0   0.472401    0.67512 -0.0095486 0.000113713 0.000172293  6.0626e-05 -0.00787912    0.114351  0.00928339  -0.053705 0.00988258   -9.80885 
             22.6443 -0.521324  0.314432   53.1349   5.39379   10.1227 0.0758033 0 0 0 0 0 0   0.441639   0.640975 -0.0408346 0.000145919 0.000247042 6.06069e-05  -0.006921   0.114976 0.00998613 -0.0536854 0.00897565   -9.80885 
             22.7445 -0.369025   0.33287   52.9258   5.43749   10.1944 0.0759181 0 0 0 0 0 0   0.438387   0.669378 -0.0157663   6.701e-05 0.000159097 4.15841e-05 -0.00741979    0.114571  0.00930002 -0.0537204 0.00950618   -9.80885 
             22.8466 -0.45946 0.232485  52.7068   5.47773    10.264 0.0970622 0 0 0 0 0 0  0.423183  0.667802 0.0686011 3.22227e-06 0.000159056  5.1556e-05 -0.00696358    0.114186  0.00509023 -0.0540751 0.00974247   -9.80885 
             22.9449 -0.664784  0.285802      52.5   5.52321   10.3388 0.0965528 0 0 0 0 0 0 0.441874 0.672925 0.042882 -2.13535e-05  0.000190577  8.13171e-05 -0.00804187    0.113763  0.00664033 -0.0538466  0.0104305   -9.80885 
             23.0452 -0.797849  0.225021    52.302   5.57997   10.4017 0.0773357 0 0 0 0 0 0   0.520021   0.649155 -0.0297506 1.79719e-05 9.88081e-05 6.56936e-05 -0.00863999    0.114562   0.0117142 -0.0531847 0.00995462   -9.80885 
             23.1454 -0.774851 0.0335481   52.1492   5.63339   10.4648 0.0741539 0 0 0 0 0 0   0.531629   0.651403 -0.0255378 0.000113475 0.000127606 8.62376e-05 -0.00859091     0.11475   0.0118184 -0.0531121 0.00982511   -9.80885 
             23.2455 -0.629723 0.0710903   52.0056   5.67481   10.5119 0.0752163 0 0 0 0 0 0   0.464437   0.587969 -0.0505345 0.000170779 0.000224675 5.68548e-05 -0.00656909    0.115239   0.0106696 -0.0539388 0.00864848   -9.80885 
             23.3457 -0.438644  0.146752   51.7902    5.7307   10.5703 0.0747094 0 0 0 0 0 0   0.482021   0.603047 -0.0174449 6.93956e-05 0.000126588 8.61808e-05 -0.00708355    0.116121  0.00992902 -0.0532407  0.0084727   -9.80885 
             23.4458 -0.454776 0.0563718    51.581    5.7696   10.6221 0.0922926 0 0 0 0 0 0  0.462874  0.577405 0.0539052 -3.63292e-05  0.000116598  8.04671e-05 -0.00569488    0.116163  0.00649813  -0.053988 0.00804084   -9.80885 
             23.5461 -0.668758 0.0838863   51.4312  5.81303   10.698 0.106126 0 0 0 0 0 0  0.459585  0.617302 0.0828792 -2.28371e-05  0.000137626  5.31086e-05 -0.00672426    0.114768  0.00478034 -0.0539736 0.00939422   -9.80885 
             23.6462 -0.812373 0.0695396   51.2361   5.85499   10.7603 0.0846424 0 0 0 0 0 0   0.472881   0.605866 -0.0176461 -1.62886e-05  0.000102746  6.46686e-05 -0.0066549   0.114161  0.0108326 -0.0542924 0.00933744   -9.80885 
             23.7464 -0.865796 -0.011796   51.0329   5.91391   10.8267 0.0766443 0 0 0 0 0 0   0.516419   0.619388 -0.0489691 7.44566e-05 0.000132203 9.85494e-05 -0.00793025    0.114382    0.012096  -0.053424 0.00959559   -9.80885 
             23.8466  -0.76746 0.0877786   50.9046    5.9743   10.8989 0.0767931 0 0 0 0 0 0   0.522829   0.654219 -0.0410164 0.000167881  0.00021082 7.39379e-05 -0.00930542    0.114312   0.0109692 -0.0525982  0.0102162   -9.80885 
             23.9468 -0.517328  0.147733   50.7167   6.02381   10.9595 0.0754963 0 0 0 0 0 0    0.49616   0.660121 -0.0205556 0.000121586 0.000118471 8.33799e-05 -0.00869732    0.114642   0.0106549 -0.0528797 0.00982903   -9.80885 
              24.047 -0.464952 0.0668609   50.5414   6.07587   11.0225 0.0915173 0 0 0 0 0 0  0.497906  0.658873 0.0595193  4.9038e-05 0.000121483 6.67656e-05 -0.00848269    0.115182  0.00698678 -0.0528338 0.00967473   -9.80885 
             24.1472 -0.591753  0.111868   50.3505  6.12095  11.0795 0.107096 0 0 0 0 0 0  0.493021   0.61386 0.0943347 -1.76055e-05  0.000154967  6.67685e-05 -0.00740011    0.115505  0.00493125  -0.053432 0.00928552   -9.80885 
             24.2474 -0.808204 0.0941228   50.1764   6.16449   11.1357 0.0957202 0 0 0 0 0 0  0.507885   0.59038 0.0157246 2.21763e-05 0.000120916  7.9456e-05 -0.00655543    0.115268  0.00920357 -0.0541234 0.00895464   -9.80885 
              24.349 -0.875952 0.0344461   50.0053   6.21641   11.1974 0.0815331 0 0 0 0 0 0   0.527478   0.594067 -0.0450117 9.44672e-05 0.000129706 8.62382e-05 -0.0066373   0.114996  0.0124315 -0.0541572 0.00893322   -9.80885 
             24.4486 -0.797572  0.129911   49.8209   6.26355   11.2552 0.0785994 0 0 0 0 0 0   0.502261   0.607646 -0.0705855  0.00013922 0.000161234 7.52002e-05 -0.00598925    0.114924   0.0117027 -0.0546194 0.00890487   -9.80884 
              24.548 -0.700347  0.153139   49.6497   6.32257   11.3197 0.0813979 0 0 0 0 0 0   0.532517   0.649535 -0.0281199 9.54616e-05 0.000143868 7.31363e-05 -0.00687296    0.115226  0.00991608 -0.0539434 0.00899611   -9.80885 
             24.6482 -0.681803 0.0604926   49.4137   6.37466   11.3917 0.0853445 0 0 0 0 0 0     0.541013     0.685846 -5.49464e-05 5.16911e-05 0.000123886 5.94626e-05 -0.00704672    0.114559  0.00877125 -0.0539143 0.00958272   -9.80885 
             24.7484 -0.748411 0.0735811   49.1443   6.42117   11.4611 0.0949537 0 0 0 0 0 0  0.532303  0.692084 0.0329254 1.45825e-05 0.000162191 5.23267e-05 -0.00630565    0.114068  0.00660739 -0.0544847 0.00999679   -9.80884 
             24.8486 -0.846415  0.105844   48.8135   6.47392   11.5286 0.0854966 0 0 0 0 0 0   0.560547   0.689809 -0.0084856 2.50804e-05  0.00012923 4.88406e-05 -0.00614875    0.113917  0.00909478 -0.0546352 0.00990937   -9.80884 
             24.9488 -0.836528 0.0382671   48.4881    6.5254   11.5943 0.0811559 0 0 0 0 0 0   0.564075   0.689169 -0.0267271  1.8839e-05 0.000117534 3.41387e-05 -0.00549684    0.113897   0.0097664 -0.055116 0.0098355  -9.80884 
              25.049 -0.810132  0.106589   48.1642   6.57447   11.6664 0.0844852 0 0 0 0 0 0   0.530663   0.697483 -0.0109959  3.05205e-05   0.00015131 -1.23031e-05 -0.00500185    0.113288  0.00837606 -0.0554783  0.0103809   -9.80884 
             25.1492 -0.764999 0.0987362   47.7304   6.64117   11.7332 0.0798754 0 0 0 0 0 0   0.577406   0.710248 -0.0152856  2.12453e-05  0.000102684 -2.02223e-05 -0.00596645    0.114222  0.00913945 -0.0548045 0.00960741   -9.80884 
             25.2494 -0.772123 0.0186419   47.2472   6.70229   11.7915 0.0935335 0 0 0 0 0 0  0.598468  0.657469 0.0582203 -3.63925e-05  0.000112947 -5.33207e-05 -0.00543374    0.115661  0.00642724 -0.0552751 0.00879414   -9.80884 
             25.3495 -0.892877 0.0959888   46.6519  6.75538   11.863 0.102958 0 0 0 0 0 0  0.590476  0.658956 0.0526702   -3.577e-05  0.000149478 -4.29285e-05 -0.00492635    0.114695  0.00566537 -0.0555081 0.00962661   -9.80884 
             25.4497 -0.929556 0.0522144    46.082   6.81372    11.942 0.0820238 0 0 0 0 0 0   0.616727   0.685009 -0.0365442 -4.26831e-05   9.3775e-05 -5.14386e-05 -0.00532012    0.112787   0.0110346 -0.0549269  0.0105422   -9.80884 
               25.55 -0.887389  0.021507   45.4806   6.88637   12.0092 0.0801506 0 0 0 0 0 0   0.654808   0.681874 -0.0652636  9.97979e-06  0.000116267 -4.65255e-05 -0.00632471    0.113394   0.0103395 -0.0543477 0.00989826   -9.80884 
             25.6501 -0.789737 0.0862841   44.8607   6.95542   12.0868 0.0868744 0 0 0 0 0 0    0.668049      0.7114 -0.00620203  5.77745e-06  0.000157777 -4.87582e-05 -0.00696217    0.112674  0.00797441 -0.0536231  0.0103704   -9.80885 
             25.7503 -0.744493  0.069449   44.2535   7.03838   12.1597 0.0893499 0 0 0 0 0 0  0.736876   0.72687 0.0230631 -4.38572e-05  0.000130581 -6.14165e-05 -0.00866064    0.112921   0.0074734 -0.0525423  0.0095778   -9.80885 
             25.8508  -0.84786 0.0245446   43.5582   7.10568   12.2274 0.0970014 0 0 0 0 0 0 0.742711 0.700458 0.045776 -7.02204e-05  0.000128233 -2.67303e-05 -0.00760043    0.113242   0.0065815  -0.053364 0.00989649   -9.80885 
             25.9507  -0.883458 0.00988518    42.9975   7.18756   12.2982 0.0949254 0 0 0 0 0 0  0.801285  0.687235 0.0380336 -4.94525e-05  0.000145295 -6.31944e-05 -0.00844914    0.113057  0.00789857 -0.0527694 0.00950819   -9.80885 
             26.0509 -0.840105 0.0684055   42.3187   7.24644   12.3709 0.0884533 0 0 0 0 0 0   0.734923   0.704196 -0.0234115 -2.83139e-05  0.000138073 -3.22169e-05 -0.00579177    0.112258  0.00983774 -0.0539703  0.0113516   -9.80884 
             26.1512 -0.795939  0.117014   41.6808   7.3228  12.4268 0.085391 0 0 0 0 0 0    0.751689    0.657556 -0.00956895  -2.2284e-05   0.00012152 -4.42994e-05 -0.00601041     0.11429   0.0101084 -0.0550749  0.0100509   -9.80884 
             26.2513 -0.743151 0.0656003   41.0308  7.39217  12.5043 0.091192 0 0 0 0 0 0  0.743147  0.691518 0.0165575 -8.49865e-05  9.56397e-05 -6.72593e-05 -0.00513521    0.112843  0.00886937 -0.0545757  0.0114493   -9.80884 
             26.3515 -0.770963 0.0695701   40.3156 7.47319 12.5715 0.10056 0 0 0 0 0 0  0.782332  0.658051 0.0449833 -0.000133956   0.00011905 -3.41219e-05 -0.00582058    0.112991  0.00741628 -0.0542825  0.0109793   -9.80884 
             26.4517 -0.808471   0.10351   39.6921   7.54201   12.6379 0.0948231 0 0 0 0 0 0  0.760119  0.654416 0.0017013 -6.23033e-05  0.000117312 -5.25853e-05 -0.00440428    0.112884  0.00932149 -0.0549362  0.0119517   -9.80884 
             26.5519 -0.748787 0.0831329   39.1029   7.62753   12.6993 0.0868875 0 0 0 0 0 0   0.784981   0.645498 -0.0305937 -4.83857e-05  0.000111237 -5.95927e-05 -0.00596313    0.113546   0.0110895 -0.0548131  0.0104387   -9.80884 
             26.6521 -0.723818  0.126499   38.5438   7.71756   12.7576 0.0938168 0 0 0 0 0 0   0.824557   0.614665 0.00746769 -9.47963e-05  0.000128641 -4.33642e-05 -0.00764058    0.114319  0.00918895 -0.0546647 0.00891354   -9.80884 
             26.7523 -0.804331 0.0579728   38.0211  7.82284   12.824 0.092729 0 0 0 0 0 0   0.926286   0.613708 0.00210461 -9.60744e-05  0.000128803  9.55886e-06 -0.0106935   0.112976 0.00973299 -0.0524935 0.00698633   -9.80886 
             26.8525   -0.801788 -0.00442333     37.5537   7.90351   12.8919 0.0927191 0 0 0 0 0 0   0.896332   0.627615 -0.0208834 -9.13604e-05  0.000156728  3.03917e-05 -0.00853895    0.112182  0.00946553 -0.0525854 0.00900357   -9.80885 
             26.9527 -0.716491  0.109037   37.2009   7.98388   12.9603 0.0850413 0 0 0 0 0 0   0.862715   0.654251 -0.0455303 -4.14577e-05  0.000124915  1.75384e-05 -0.00700243     0.11154   0.0105196 -0.0525812   0.010433   -9.80885 
             27.0529 -0.596231 0.0723929   36.8078   8.05217   13.0171 0.0802997 0 0 0 0 0 0   0.795092   0.644492 -0.0526461 -7.17644e-05  7.36029e-05 -1.27981e-05 -0.00440664    0.113821   0.0103707 -0.0552431  0.0119194   -9.80884 
             27.1531 -0.619099 0.0346199   36.4279  8.13238    13.09 0.100029 0 0 0 0 0 0  0.801883  0.652838 0.0337009 -0.000179834  0.000125542 -9.69086e-06 -0.00403025    0.112576  0.00570995 -0.0541505  0.0126939   -9.80884 
             27.2533 -0.785082 0.0721086   36.0541 8.22842 13.1559 0.10559 0 0 0 0 0 0  0.876738  0.614106 0.0531478 -0.000244726  0.000146945  1.88642e-05 -0.00636712    0.111592  0.00528264 -0.0526899  0.0109796   -9.80885 
             27.3535 -0.895996  0.131577    35.787  8.31962  13.2075 0.102363 0 0 0 0 0 0  0.907584  0.569079 0.0181041 -0.000168508  0.000163419  2.30893e-05 -0.00730278    0.112953    0.006834 -0.0536749 0.00980305   -9.80885 
             27.4537 -0.73982 0.106123  35.5039  8.39572  13.2788 0.083349 0 0 0 0 0 0  0.854651  0.643487 -0.055078 -0.000114066    0.0001272 -2.21112e-06 -0.00462448    0.111287   0.0103322 -0.0529926  0.0123987   -9.80885 
             27.5539 -0.602639  0.123874   35.1496   8.48054   13.3432 0.0957778 0 0 0 0 0 0  0.842863  0.657029 0.0241448 -0.00014075 0.000151679 -1.5866e-06 -0.00463645    0.111547  0.00730343 -0.0531095  0.0124099   -9.80885 
             27.6541 -0.635192  0.161735   34.8252  8.56697  13.3988 0.102773 0 0 0 0 0 0  0.855468  0.600916 0.0460911 -0.00021506 0.000148673  1.1507e-05 -0.00539017    0.112892  0.00656345 -0.0540965  0.0114898   -9.80884 
             27.7543 -0.739935 0.0742458   34.5236  8.66593  13.4695 0.100006 0 0 0 0 0 0 0.909409 0.614129 0.014395 -0.000257171  0.000145715  2.00336e-05 -0.00690921    0.110362  0.00779091 -0.0516305   0.010637   -9.80886 
             27.8545   -0.8042 0.0919586   34.2675   8.74899   13.5204 0.0981569 0 0 0 0 0 0  0.878882  0.570481 0.0124784 -0.000174292   0.00011559  2.85765e-05 -0.00594469    0.112454  0.00850532 -0.0536693  0.0110808   -9.80885 
             27.9547 -0.716364  0.107164    34.011    8.8335   13.5828 0.0939228 0 0 0 0 0 0   0.855285   0.622044 -0.0134004 -0.000121986  9.02973e-05  3.90056e-05 -0.00496069     0.11213  0.00936574 -0.053584 0.0119845  -9.80885 
             28.0548 -0.583024  0.121518   33.7385   8.9146  13.6514 0.104253 0 0 0 0 0 0  0.835998  0.633531 0.0509021 -0.000188528  0.000135749  3.37954e-05 -0.00363654    0.111426  0.00758291 -0.0531221  0.0133071   -9.80885 
              28.155 -0.674295  0.113627   33.4665  9.00207  13.7053 0.108899 0 0 0 0 0 0  0.860166  0.587674 0.0254763 -0.000223171  0.000128496  1.44082e-05 -0.00452991    0.112722  0.00749652 -0.0541291  0.0123159   -9.80884 
             28.2552 -0.790615 0.0623663   33.2251  9.09141  13.7632 0.097127 0 0 0 0 0 0   0.887363    0.56317 -0.0429846 -0.000207153   0.00012107  2.95222e-05 -0.00500144    0.112422  0.00986909 -0.0538713     0.0119   -9.80884 
             28.3554 -0.751275 0.0677264   32.9236   9.17197    13.825 0.0917782 0 0 0 0 0 0   0.854936   0.600338 -0.0422897 -0.000148378  8.89349e-05  1.44197e-05 -0.00342507    0.112037   0.0101312 -0.0537535  0.0133517   -9.80884 
             28.4556 -0.627167  0.083489   32.6326   9.26359   13.8832 0.0930204 0 0 0 0 0 0   0.866374   0.611233 -0.0195892 -0.000157196   9.9831e-05  1.91136e-05 -0.00460006    0.112103  0.00912585 -0.0536311  0.0123145   -9.80885 
             28.5558 -0.610822 0.0606511   32.3396   9.34976   13.9488 0.0946708 0 0 0 0 0 0   0.86835  0.625052 0.0149359 -0.000207237  8.04746e-05 -2.22965e-06 -0.00414598    0.111426  0.00894588 -0.0530736  0.0128048   -9.80885 
              28.656  -0.697047 -0.0197079    32.0175  9.44028   14.002 0.101017 0 0 0 0 0 0 0.896469 0.589149 0.034511 -0.000240112  8.65341e-05  2.01507e-05 -0.00507459    0.112842  0.00803781 -0.0542157  0.0118305   -9.80884 
             28.7562 -0.751309  0.021731   31.6765  9.52346  14.0702 0.107049 0 0 0 0 0 0  0.879956  0.606603 0.0534238 -0.000210029  9.09196e-05 -9.72139e-06 -0.00310242     0.11152   0.0076417 -0.0532145  0.0137437   -9.80885 
             28.8564  -0.680037 -0.0282537    31.1637   9.59478   14.1293 0.0968719 0 0 0 0 0 0   0.826209   0.611967 -0.0210475 -0.000177612  3.69273e-05 -6.72985e-05 -0.000212088     0.113208    0.0104302 -0.0550742  0.0161432   -9.80883 
             28.9566  -0.625015 -0.0288112     30.467  9.66685  14.1949 0.104117 0 0 0 0 0 0  0.793656   0.62543 0.0219651 -0.000229584  7.19847e-05 -0.000118028 0.00217422   0.113483 0.00877302 -0.055467 0.0183083  -9.80883 
             29.0569   -0.72217 -0.0166784    29.5617  9.76148  14.2686 0.107029 0 0 0 0 0 0   0.860754   0.633959 0.00536115 -0.000264701  6.47458e-05 -0.000113442 0.000417943    0.110016  0.00850656 -0.0522052  0.0169398   -9.80885 
              29.157  -0.798748 -0.0601059    28.5834    9.8554   14.3243 0.0995531 0 0 0 0 0 0   0.896187   0.594884 -0.0188948 -0.000244183  4.75165e-05 -0.000157312 -0.00145039    0.110517  0.00980484 -0.0526128   0.015192   -9.80885 
             29.2572  -0.703248 -0.0815704     27.468   9.94768   14.3757 0.0966006 0 0 0 0 0 0    0.91773    0.57484 -0.0175472 -0.000224458  3.70364e-05 -0.000172651 -0.0025132   0.111853  0.0100193 -0.0538166  0.0141882   -9.80884 
             29.3574  -0.638854 -0.0867788    26.2128  10.0434  14.4333 0.104359 0 0 0 0 0 0  0.926574  0.574439 0.0034813  -0.00023951  8.90821e-05 -0.000174188 -0.00315309    0.111394  0.00843938 -0.0533615  0.0136279   -9.80885 
             29.4578  -0.681519 -0.0386171    24.9881    10.14  14.4718 0.100755 0 0 0 0 0 0    0.962167    0.468234 -0.00616961 -0.000240877  3.75441e-05 -0.000177302 -0.00510035    0.114001  0.00922014 -0.0558496  0.0119166   -9.80883 
             29.5578   -0.73768 -0.0923437      23.77   10.2594   14.5238 0.0950438 0 0 0 0 0 0    1.04851   0.458984 -0.0184429 -0.000229239  6.40861e-05 -0.000152643 -0.00871586    0.110274    0.010051 -0.0526667 0.00832415   -9.80886 
              29.658 -0.682551 -0.101432   22.5497  10.3549  14.5764 0.102593 0 0 0 0 0 0   1.03069    0.4762 0.0112256 -0.000205655  7.08153e-05  -0.00019521 -0.00586816    0.110276   0.0081926 -0.0523717  0.0109821   -9.80885 
             29.7582 -0.595357 -0.158043   21.2028   10.4659   14.6098 0.0966459 0 0 0 0 0 0    1.05853   0.436642 -0.0147319 -0.000229488  4.53322e-05 -0.000175618 -0.00940033    0.112374  0.00950954 -0.0547428 0.00794345   -9.80884 
             29.8584 -0.648251 -0.160633   19.8147  10.5897  14.6489 0.115414 0 0 0 0 0 0   1.13427  0.390584 0.0933843 -0.000333465  7.00688e-05 -0.000167371 -0.0132957   0.110924 0.00679486 -0.0538986 0.00417784   -9.80885 
             29.9586 -0.783095 -0.134456   18.5571   10.699  14.6675 0.117598 0 0 0 0 0 0   1.13598  0.283624 0.0623973 -0.000368604  8.11004e-05 -0.000153474 -0.0148582   0.115071 0.00780464 -0.0579891  0.0033977   -9.80883 
              30.059 -0.770355 -0.199578   17.2529 10.7903 14.7096 0.10631 0 0 0 0 0 0     1.07811    0.311368 0.000139327 -0.000322833  3.16718e-05 -0.000172074 -0.00770087    0.115331   0.0106885 -0.0569579 0.00999165   -9.80883 
              30.159 -0.619239  -0.27033   15.8734  10.9083  14.7452 0.100322 0 0 0 0 0 0    1.11611   0.335762 0.00392745 -0.000291503  4.17291e-05 -0.000183375 -0.00906206    0.112757   0.0118285 -0.0548964 0.00820137   -9.80884 
             30.2592  -0.56542 -0.183385   14.3789  11.0134  14.7948 0.107354 0 0 0 0 0 0   1.08491  0.368084 0.0239264 -0.000373076  6.77725e-05  -0.00019294 -0.0047189   0.110626  0.0106635 -0.0519642  0.0117126   -9.80886 
             30.3593  -0.697173 -0.0961486    12.9311  11.1376  14.8322 0.116783 0 0 0 0 0 0   1.14643  0.327565 0.0388837 -0.000435867  7.68601e-05 -0.000154249 -0.00719192    0.107347  0.00942579 -0.0495589 0.00867983   -9.80887 
             30.4597 -0.785135 -0.186059   11.5556 11.2536  14.854 0.11228 0 0 0 0 0 0    1.16368   0.236985 0.00470956 -0.000440013  4.36508e-05 -0.000137204 -0.00849492    0.109046   0.0107802 -0.0514597 0.00792365   -9.80886 
             30.5597 -0.723053 -0.226359   10.3256  11.3478  14.8761 0.118799 0 0 0 0 0 0    1.1063  0.220925 0.0273245 -0.000435889  3.72503e-05  -0.00016025 -0.00363042    0.114335    0.009796 -0.0548926  0.0137836   -9.80884 
             30.6611 -0.635307 -0.217083   9.09228  11.4556  14.8782 0.118864 0 0 0 0 0 0    1.10335   0.130648 0.00548877 -0.000399507  2.24979e-05 -0.000153652 -0.00687858    0.119654   0.0102326 -0.0606267  0.0123885    -9.8088 
             30.7601  -0.59837 -0.231017   7.99684  11.578 14.8759 0.11956 0 0 0 0 0 0   1.14784 0.0740636 0.0112525 -0.000414197  4.20773e-05 -9.82212e-05 -0.0136373   0.119812  0.0102262 -0.0628123 0.00636909    -9.8088 
             30.8603  -0.59322 -0.244978   7.13613  11.6907  14.8779 0.109531 0 0 0 0 0 0     1.1472  0.0389024 -0.0280633 -0.000419202 -4.53154e-06 -6.98644e-05 -0.0141779   0.120994  0.0119702 -0.0640603 0.00623952   -9.80879 
             30.9605 -0.560521 -0.352827   6.32558  11.7831  14.8913 0.106735 0 0 0 0 0 0    1.07592  0.0498909 -0.0254703 -0.000432355 -2.77479e-05 -7.90611e-05 -0.00657558    0.124144    0.012116 -0.0644206  0.0140324   -9.80878 
             31.0627 -0.581482 -0.352043   5.55027  11.8984   14.889 0.111934 0 0 0 0 0 0      1.08704 -0.000236999    0.0215153 -0.000436457 -2.72725e-05 -2.85904e-05 -0.00941499    0.124222   0.0110306 -0.0654208  0.0115441   -9.80878 
             31.1609 -0.613229 -0.362033    4.9113  12.0046  14.8951 0.116356 0 0 0 0 0 0    1.08876 -0.0136479  0.0171381 -0.000457467 -2.72843e-05 -2.90605e-05 -0.00731624    0.122872   0.0103979 -0.0635087  0.0129539   -9.80879 
             31.2611 -0.609435 -0.367074   4.37215  12.1133  14.9106 0.116447 0 0 0 0 0 0   1.08759 0.0235005 0.0111432 -0.000406439 -6.30575e-05  9.11096e-06 -0.00290369    0.119301   0.0106307 -0.0588332  0.0156224   -9.80881 
             31.3613 -0.491622 -0.520379   3.88007  12.2294  14.9237 0.114094 0 0 0 0 0 0   1.11021 0.0741838 -0.002954 -0.000385769 -6.08091e-05 -1.74625e-05 -0.00195081    0.115243   0.0110899 -0.0549247  0.0150389   -9.80883 
             31.4615 -0.418364 -0.580597   3.34416  12.3344  14.9276 0.120213 0 0 0 0 0 0    1.0898 0.0636239 0.0366522 -0.000411456 -3.46786e-05 -4.41162e-06 -0.00170693    0.117842   0.0100486 -0.0571187  0.0161837   -9.80882 
             31.5617 -0.481997 -0.492228    2.8015  12.4413  14.9374 0.125634 0 0 0 0 0 0   1.07832 0.0568161 0.0251954 -0.000469367  -4.0854e-05 -1.10619e-05 -0.000113143     0.117374   0.00972748 -0.0561353  0.0174203   -9.80882 
             31.6619 -0.565635 -0.398228   2.36083  12.5456  14.9319 0.127721 0 0 0 0 0 0    1.06574 -0.0103425  0.0368499 -0.000463907 -4.34465e-05  3.03453e-05 -0.00180283    0.120361  0.00985533 -0.0593676   0.017016   -9.80881 
             31.7621 -0.543844 -0.373074   1.99902  12.6427  14.9481 0.131487 0 0 0 0 0 0  1.02471 0.051559 0.015645 -0.000419816  -5.8563e-05  7.89775e-06 0.00477189    0.11928 0.00983046 -0.056024  0.022382  -9.80881 
             31.8636 -0.418114 -0.358774   1.58101  12.7677  14.9631 0.135769 0 0 0 0 0 0   1.08443   0.09465 0.0241808 -0.000420055 -5.18009e-05  1.55038e-05 0.00274125   0.111681 0.00947146 -0.0501236  0.0178141   -9.80886 
             31.9625 -0.403065 -0.283005   1.15647  12.8728  14.9651 0.121725 0 0 0 0 0 0    1.08105  0.0630761 -0.0224837 -0.000442962  -4.5114e-05  1.97439e-06 0.00143394   0.113515  0.0119682 -0.0522306   0.017334   -9.80885 
             32.0654 -0.443442 -0.268544  0.710329  12.9912   14.964 0.125148 0 0 0 0 0 0    1.10519 0.00496581 -0.0188251   -0.0004833 -4.95926e-05  2.66272e-05 -0.0011718   0.112709  0.0110643 -0.0524901  0.0147655   -9.80885 
             32.1628 -0.456262 -0.210402  0.359654  13.0948  14.9575 0.126677 0 0 0 0 0 0    1.07341  -0.034412 0.00961212 -0.000431459 -4.27302e-05  2.79037e-05 -0.00214669     0.11449   0.0106496 -0.0544022  0.0145853   -9.80884 
             32.2633  -0.320816  -0.233924 -0.0102842 13.2109  14.971 0.12375 0 0 0 0 0 0     1.09726   0.0271178 -0.00902312 -0.000392028 -0.000116928  -1.3092e-06 0.000639694     0.10932   0.0110257 -0.0488593  0.0150572   -9.80887 
             32.3632 -0.154587 -0.286702  -0.41502  13.3212  14.9788 0.130079 0 0 0 0 0 0   1.10948 0.0549878 0.0101508 -0.000404543 -0.000102869  2.00597e-05 0.0017058  0.108446 0.0098388 -0.0476858   0.015653   -9.80887 
             32.4635 -0.0789703  -0.264958  -0.776532  13.4165  14.9826 0.121975 0 0 0 0 0 0    1.05724  0.0490388 -0.0401931  -0.00042741 -0.000100266  3.28874e-06 0.00425045   0.113056  0.0113951 -0.050721 0.0196194  -9.80885 
             32.5636 -0.0562205  -0.253986   -1.14081  13.5124  14.9742 0.121906 0 0 0 0 0 0     1.02509 -0.00568449  -0.0201862 -0.000466814 -9.19448e-05  3.45153e-05 0.00278099   0.118493  0.0106617  -0.05599 0.0204354  -9.80882 
             32.6638 -0.0673961  -0.183815   -1.47926  13.6212  14.9673 0.127159 0 0 0 0 0 0     1.04366  -0.0363385 -0.00040968 -0.000451783  -0.00010238  1.97349e-05 -8.05125e-05     0.117858     0.009496 -0.0565439  0.0177143   -9.80882 
              32.764 -0.0517823  -0.148491   -1.83005 13.7131 14.9679 0.12847 0 0 0 0 0 0   0.992103 -0.0270583  0.0302276 -0.000439897 -0.000107326  2.76214e-05 0.00328606   0.120541 0.00947986 -0.0575539  0.0216628   -9.80881 
             32.8642 -0.0101927 -0.0537769   -2.14582  13.8275  14.9704 0.135757 0 0 0 0 0 0    1.01375 -0.0116398  0.0475456 -0.000461925 -8.09873e-05  2.83292e-05 0.00168739   0.115026 0.00862423  -0.05342 0.0181285  -9.80884 
             32.9644 0.0125746 0.0851789  -2.49339  13.9371  14.9742 0.136856 0 0 0 0 0 0     1.03163 0.000977616   0.0248406 -0.000453528   -8.435e-05    2.538e-05  0.0014877   0.111734 0.00927534 -0.0506647  0.0166692   -9.80885 
             33.0675 0.0549528  0.229939  -2.81181  14.0256  14.9806 0.136452 0 0 0 0 0 0   0.955858   0.026975 0.00845618 -0.000447141 -7.97681e-05  5.26287e-06  0.0060364   0.114956 0.00963491 -0.0516472  0.0218533   -9.80884 
             33.1648 0.133997 0.246479 -3.14962  14.1086  14.9719 0.129699 0 0 0 0 0 0    0.917156 -0.00538978  -0.0106359  -0.00045446 -9.74568e-05 -1.81862e-05 0.0046708  0.119278 0.0109321 -0.0559072  0.0224045   -9.80882 
              33.265 0.148301 0.234635 -3.48717  14.2058  14.9642 0.118123 0 0 0 0 0 0   0.911433 -0.0209724 -0.0443353 -0.000463171 -9.82134e-05 -1.39001e-05 0.00147472   0.118636  0.0126344 -0.0566381  0.0194284   -9.80882 
             33.3652 0.0585053  0.221168  -3.83116  14.2929   14.964 0.120777 0 0 0 0 0 0   0.879541 -0.0302186 -0.0178676 -0.000467119 -8.26554e-05  1.71273e-06 0.00261368   0.118987  0.0114577 -0.0564779   0.020529   -9.80882 
             33.4654 -0.0302458   0.184366   -4.13268  14.3855  14.9503 0.121034 0 0 0 0 0 0   0.879356 -0.0792393 -0.0110721 -0.000482604 -9.36866e-05 -2.99006e-06 -0.000931095     0.119205    0.0111754 -0.0580847  0.0175796   -9.80881 
             33.5656 -0.0996375   0.229059   -4.39393  14.4561  14.9378 0.127895 0 0 0 0 0 0   0.790905   -0.10421 0.00715646 -0.000466612 -0.000104109  1.25555e-05 0.00067862   0.123958 0.00981268 -0.0614902  0.0208532   -9.80879 
             33.6662 -0.0731864   0.266907   -4.58204  14.5428  14.9283 0.130222 0 0 0 0 0 0   0.794202 -0.0953546 0.00917651 -0.000453907 -0.000125888  7.36691e-06 -0.000559852     0.121371    0.0093702 -0.0597804   0.018746    -9.8088 
              33.766 -0.0324701   0.163976   -4.78915   14.612  14.9268 0.117767 0 0 0 0 0 0   0.738773 -0.0630673 -0.0345619 -0.000444834 -0.000150496  4.06283e-06 0.00286813   0.122394  0.0113248 -0.0592772  0.0221023    -9.8088 
             33.8662 -0.0310482   0.087189    -4.9799  14.6713  14.9254 0.132084 0 0 0 0 0 0  0.652988 -0.046382 0.0297909 -0.000462252 -7.28527e-05  4.48478e-06 0.00606256   0.125008 0.00877033 -0.060186 0.0258619  -9.80878 
             33.9664 -0.12939 0.205045 -5.16878  14.7334  14.9132 0.133097 0 0 0 0 0 0   0.618808 -0.0834487  0.0183152  -0.00047192 -9.99875e-05  1.13006e-05 0.00462581   0.126557 0.00901682 -0.0620911  0.0252733   -9.80877 
             34.0666 -0.253197   0.10593  -5.37466 14.8146  14.908 0.12441 0 0 0 0 0 0   0.663267 -0.0863381  -0.014941 -0.000449005 -0.000106048  2.20743e-05 0.00264468   0.121183  0.0106258 -0.0583449  0.0214088    -9.8088 
             34.1668 -0.236383 0.0862668  -5.51745  14.8834  14.9014 0.141075 0 0 0 0 0 0   0.665789 -0.0808441  0.0415656 -0.000434998 -3.01176e-05  1.79641e-05 0.00277822   0.120431 0.00786622 -0.0576272  0.0211981   -9.80881 
              34.267 -0.152075  0.178755  -5.65194  14.968 14.8998  0.1365 0 0 0 0 0 0    0.73521 -0.0572011 0.00889642 -0.000456435 -5.09292e-05  -1.6965e-06 0.00148054   0.115148 0.00911543 -0.0536874  0.0179452   -9.80884 
             34.3672 -0.113987 0.0827819  -5.82923  15.0215  14.8911 0.122624 0 0 0 0 0 0   0.678623 -0.0635584 -0.0438751 -0.000453118  -0.00010704  2.09166e-05 0.00372903   0.120805  0.0114716 -0.0575868  0.0221791   -9.80881 
             34.4674 -0.136863  0.066032   -5.9584  15.0894  14.8895 0.127528 0 0 0 0 0 0    0.686896  -0.0525113 -0.00440579 -0.000463905 -8.26862e-05  2.03727e-06 0.00501475   0.120084 0.00999103 -0.0564371  0.0229636   -9.80881 
             34.5676 -0.170498 0.0780528  -6.11747  15.1453  14.8848 0.131731 0 0 0 0 0 0    0.63801 -0.0559549 0.00938553 -0.000461934 -7.33281e-05  2.19643e-06 0.00712612   0.123365 0.00918332 -0.0583421  0.0260909   -9.80879 
              34.668 -0.16713 0.162012 -6.27756 15.2075 14.8757 0.13949 0 0 0 0 0 0   0.628323 -0.0667844   0.028471 -0.000476621 -6.18063e-05  6.35278e-06 0.00641143   0.124447 0.00817044 -0.0595425  0.0259245   -9.80879 
              34.768  -0.2019 0.189494 -6.42571  15.2654  14.8712 0.130841 0 0 0 0 0 0   0.614015 -0.0624559 0.00669655 -0.000484239 -0.000110601 -8.98261e-06 0.00775985   0.125293  0.0100621 -0.0597204  0.0274232   -9.80878 
             34.8682 -0.232716  0.154001  -6.59261  15.3272   14.862 0.134485 0 0 0 0 0 0   0.595208 -0.0701826  0.0134347 -0.000474967 -6.06413e-05  1.47982e-05 0.00690512    0.12536 0.00951425 -0.0601235  0.0267258   -9.80878 
             34.9684 -0.255945  0.286478  -6.73452  15.4014  14.8623 0.138295 0 0 0 0 0 0   0.625198 -0.0601226  0.0101331 -0.000469418 -6.28003e-05 -2.74892e-05 0.00643265   0.120213 0.00899415 -0.0559693  0.0242057   -9.80881 
             35.0686 -0.276297  0.251675  -6.92377  15.4606  14.8478 0.127137 0 0 0 0 0 0   0.615392 -0.0796082 -0.0288249 -0.000464443  -0.00010762  9.86075e-06 0.00470008   0.122448  0.0109646 -0.0585897  0.0236784    -9.8088 
             35.1687 -0.280904  0.197236  -7.02104  15.5111  14.8423 0.127452 0 0 0 0 0 0   0.585095 -0.0746823 -0.0102006 -0.000475066 -9.86334e-05 -1.11913e-06 0.00709859   0.124868   0.010461 -0.0596345  0.0266929   -9.80878 
             35.2689 -0.321314  0.157071   -7.1457   15.572  14.8311 0.135959 0 0 0 0 0 0   0.594071 -0.0808089  0.0330339 -0.000460676 -6.17818e-05  8.49705e-06  0.0060408    0.12485 0.00892213 -0.0600372  0.0257848   -9.80878 
             35.3691 -0.332252  0.194274  -7.26023  15.6261  14.8313 0.140199 0 0 0 0 0 0   0.580767 -0.0626005  0.0170503 -0.000457758 -4.25046e-05  -1.5187e-06 0.00891699   0.124783 0.00854781 -0.0587884  0.0281742   -9.80878 
             35.4693 -0.348878  0.199769  -7.37343  15.6766  14.8306 0.133414 0 0 0 0 0 0   0.579408 -0.0501424 -0.0132673 -0.000459658 -7.35349e-05  2.81519e-06 0.0115939  0.125998 0.0100035 -0.0587214  0.0309338   -9.80878 
             35.5695 -0.411193 0.0950255  -7.48495    15.74  14.8181 0.130471 0 0 0 0 0 0   0.606164  -0.083811 0.00170443 -0.000421882 -7.67681e-05   -1.413e-05 0.00921929   0.125894  0.0104255 -0.0596218  0.0288985   -9.80878 
             35.6697 -0.365218  0.113135  -7.64191  15.7992  14.8164 0.135121 0 0 0 0 0 0   0.621216 -0.0627194 0.00756377  -0.00044325 -4.86039e-05 -1.95542e-05 0.0111037  0.125621 0.0094725 -0.058601 0.0303638  -9.80878 
               35.77 -0.372728    0.1252  -7.82148  15.8693  14.8124 0.135458 0 0 0 0 0 0    0.665796  -0.0495405 -0.00157336 -0.000456031 -5.22869e-05 -3.46665e-05  0.0107068   0.123615 0.00959284 -0.057085 0.0292018  -9.80879 
             35.8701 -0.446072  0.162712  -7.97794  15.9387  14.8032 0.132137 0 0 0 0 0 0   0.680097  -0.060437 -0.0148081 -0.000463267  -4.4706e-05 -1.23753e-05 0.00930692   0.123812 0.00999032 -0.0578342  0.0281109   -9.80879 
             35.9703 -0.545711  0.208717  -8.18025  16.0159  14.7842 0.133274 0 0 0 0 0 0    0.722676   -0.113962 -0.00372614 -0.000456413 -7.20572e-05  -2.4196e-05 0.00536537   0.123604 0.00954714 -0.059287 0.0247232  -9.80879 
             36.0705 -0.590931  0.167244  -8.38841 16.0898 14.7837 0.12925 0 0 0 0 0 0    0.73883 -0.0859498 -0.0171341 -0.000470917 -7.69464e-05 -2.85578e-05 0.00790083   0.121809  0.0101711 -0.0567438  0.0261023    -9.8088 
             36.1708 -0.636215    0.2035   -8.5888  16.1512  14.7824 0.141598 0 0 0 0 0 0   0.702422 -0.0659559   0.046674 -0.000460564 -3.78805e-05 -5.22217e-05  0.0111923   0.123847 0.00817539 -0.0570464  0.0296952   -9.80879 
             36.2709 -0.686405  0.247603  -8.86363  16.2177  14.7771 0.138304 0 0 0 0 0 0   0.705017 -0.0748649   0.017663 -0.000451957  -7.0045e-05 -5.29121e-05  0.0120536   0.124388 0.00913336 -0.057156 0.0306415  -9.80879 
             36.3711 -0.718623   0.21011  -9.10857  16.2891  14.7614 0.134345 0 0 0 0 0 0    0.721234   -0.104698 -0.00282894 -0.000409253 -6.27877e-05 -5.18605e-05 0.0103383  0.125272 0.0100474 -0.0586267  0.0295826   -9.80878 
             36.4713 -0.680492  0.248892  -9.36612  16.3573  14.7492 0.136535 0 0 0 0 0 0    0.695392  -0.0997441 -0.00537353  -0.00042141 -5.86451e-05 -7.49935e-05  0.0104158    0.12635 0.00968882 -0.0594842  0.0300978   -9.80877 
             36.5715 -0.754414  0.261977  -9.67657   16.434  14.7364 0.132276 0 0 0 0 0 0  0.714585 -0.117073 -0.011457 -0.000408899 -8.92939e-05 -5.10589e-05 0.00908809   0.125141  0.0102389 -0.0590478  0.0284871   -9.80878 
             36.6719 -0.804743  0.140359  -9.93515  16.5046  14.7359 0.123562 0 0 0 0 0 0   0.730748  -0.104265 -0.0383486 -0.000434303  -0.00015437 -4.79061e-05  0.012082  0.124058 0.0112118 -0.056909 0.0305186  -9.80879 
             36.7719  -0.838936 -0.0471653   -10.2174  16.5781  14.7284 0.130938 0 0 0 0 0 0   0.758673  -0.110817 -0.0132901 -0.000424271 -0.000114006 -4.08792e-05  0.0129928    0.12391 0.00957737 -0.0563675  0.0312118   -9.80879 
             36.8721 -0.841498 -0.121983  -10.4479  16.6642  14.7159 0.137721 0 0 0 0 0 0  0.794764 -0.118361 0.0352942 -0.000410397 -0.000116344   -4.064e-05  0.0113412   0.121926 0.00861272 -0.0554047  0.0290047    -9.8088 
             36.9729 -0.839967 -0.226315  -10.7054  16.7435  14.6984 0.132078 0 0 0 0 0 0   0.821847  -0.138966 0.00243494 -0.000440235 -0.000148802 -6.70464e-05  0.0104309   0.122898 0.00985569 -0.0566211  0.0286598   -9.80879 
             37.0724  -0.83224 -0.367366  -10.9934  16.8185  14.6876 0.132963 0 0 0 0 0 0   0.814709  -0.130541 0.00784436  -0.00042106 -0.000108931 -2.88123e-05    0.01198   0.123848 0.00982215 -0.0567436  0.0303444   -9.80879 
             37.1726  -0.71248 -0.372112   -11.233  16.8875  14.6649 0.140704 0 0 0 0 0 0  0.767811 -0.159087 0.0366467 -0.000442537 -9.00641e-05   -4.263e-05   0.011191    0.12781 0.00868071 -0.0603285  0.0314022   -9.80876 
             37.2728 -0.692904 -0.386619  -11.5065  16.9602  14.6533 0.130933 0 0 0 0 0 0   0.770628  -0.153274 -0.0078561  -0.00044242 -0.000135586 -4.97679e-05 0.0128139  0.128364 0.0106233 -0.0601177  0.0329557   -9.80876 
              37.373 -0.727952 -0.422586  -11.7295 17.0493 14.6406 0.14164 0 0 0 0 0 0  0.798144 -0.154266 0.0182572 -0.000445014 -8.90402e-05 -4.88909e-05  0.0119671   0.125464 0.00890643 -0.0580743  0.0310282   -9.80878 
             37.4732 -0.783848 -0.298034  -11.9591  17.1235  14.6311 0.148695 0 0 0 0 0 0  0.762388 -0.144164 0.0325202 -0.000425477 -8.29875e-05 -3.67977e-05  0.0138234   0.126083 0.00805382 -0.0577699  0.0328295   -9.80877 
             37.5734 -0.820563 -0.321954  -12.1795  17.2043  14.6186 0.142795 0 0 0 0 0 0    0.795572    -0.14208 -0.00405876 -0.000394242 -0.000162554 -5.78519e-05  0.0141551   0.125085 0.00939047 -0.0568266  0.0326544   -9.80878 
             37.6736 -0.730253 -0.435652  -12.4267   17.286  14.5934 0.146919 0 0 0 0 0 0    0.802607   -0.177563 -0.00482966 -0.000412883 -0.000105608 -4.67038e-05  0.0115571   0.126093 0.00873333 -0.0587706  0.0309725   -9.80878 
             37.7738 -0.680507 -0.315351  -12.6493  17.3664  14.5753 0.147248 0 0 0 0 0 0      0.796  -0.170884 0.00336093 -0.000411435  -0.00010629 -3.84247e-05  0.0114437   0.125925 0.00865111 -0.0586809  0.0308072   -9.80878 
              37.874 -0.667012 -0.348163  -12.8465   17.447  14.5492 0.140507 0 0 0 0 0 0   0.809107  -0.210206 -0.0138097 -0.000410843 -0.000150945 -4.06181e-05 0.00965263   0.126784 0.00966449 -0.060178 0.0297094  -9.80877 
             37.9742 -0.678788 -0.415728  -13.0744  17.5262  14.5338 0.143554 0 0 0 0 0 0   0.796603  -0.187916 0.00510342 -0.000420498 -0.000115933 -4.02372e-05  0.0110046   0.126552 0.00906913 -0.0593898  0.0307163   -9.80877 
             38.0744 -0.752058 -0.301607  -13.2635  17.6118  14.5142 0.148759 0 0 0 0 0 0  0.799987 -0.201396 0.0259558 -0.000413529 -0.000110657 -4.15263e-05  0.0101981   0.125212 0.00840372 -0.0586438  0.0294786   -9.80878 
             38.1774  -0.75833 -0.318654  -13.4477  17.6964  14.4972 0.143612 0 0 0 0 0 0   0.812723  -0.187528 0.00753112 -0.000425442 -0.000146719 -5.87121e-05  0.0109396   0.124323 0.00952927 -0.0576093  0.0296805   -9.80879 
             38.2749 -0.712339 -0.329226  -13.6868  17.7633  14.4794 0.150233 0 0 0 0 0 0  0.766404 -0.178337  0.013012 -0.000427996 -0.000106548 -4.64988e-05  0.0123337   0.126705 0.00860755 -0.0589191  0.0318701   -9.80877 
              38.375 -0.680459 -0.178869  -13.8844  17.8265  14.4644 0.155347 0 0 0 0 0 0  0.690546 -0.171854 0.0220143 -0.000425134  -0.00013385 -4.29367e-05  0.0141718   0.128846 0.00799635 -0.0598379  0.0343113   -9.80876 
             38.4752 -0.696824 -0.153882  -14.0763  17.9145  14.4517 0.143352 0 0 0 0 0 0   0.747331  -0.154476 -0.0389852 -0.000448432 -0.000145772 -4.32599e-05  0.0132396    0.12427 0.00994296 -0.0565695  0.0315192   -9.80879 
             38.5754 -0.731391 -0.183743  -14.2559  17.9842  14.4322 0.144832 0 0 0 0 0 0  0.713399 -0.177037 -0.018629 -0.000452288 -0.000136086 -3.73299e-05  0.0129226   0.125669 0.00929815 -0.0578323  0.0318855   -9.80878 
             38.6807 -0.764486 -0.123713  -14.4252  18.0656  14.4102 0.147634 0 0 0 0 0 0   0.71362 -0.184736 0.0026892 -0.000451131 -0.000129279 -4.31971e-05  0.0114436   0.124571 0.00862506 -0.0575893  0.0302071   -9.80878 
             38.7758 -0.807756 -0.135867  -14.5812  18.1239  14.3876 0.139342 0 0 0 0 0 0   0.674374  -0.206406 -0.0235681 -0.000431642 -0.000173199 -4.50753e-05  0.0113099   0.126966 0.00986154 -0.0596025  0.0311547   -9.80877 
              38.877 -0.778453  -0.19222   -14.787  18.1942   14.366 0.153583 0 0 0 0 0 0  0.657961 -0.204741 0.0438606 -0.000415386 -0.000130312  -1.9087e-05   0.010859   0.126573 0.00767225 -0.0594498  0.0306287   -9.80877 
             38.9762  -0.708113 -0.0972441   -14.9181   18.253  14.3556 0.159614 0 0 0 0 0 0  0.622237  -0.15078 0.0457524 -0.000412454  -0.00011878 -5.57286e-05  0.0132755   0.126793 0.00729411 -0.0585467  0.0326755   -9.80877 
             39.0764  -0.682661 -0.0785842    -15.083  18.3212    14.34 0.154933 0 0 0 0 0 0  0.630176 -0.147631  0.002244 -0.000435181 -0.000144952 -6.17731e-05  0.0125984   0.125326 0.00865999 -0.0576897  0.0314706   -9.80878 
             39.1766 -0.733807 -0.136173  -15.2509  18.3806  14.3174 0.147249 0 0 0 0 0 0   0.607761  -0.181853 -0.0168268 -0.000459616 -0.000144939 -4.94105e-05  0.0114343   0.126737 0.00988139 -0.0593618   0.031158   -9.80877 
             39.2768 -0.773297 -0.119666  -15.4104  18.4459  14.3001 0.146842 0 0 0 0 0 0   0.611061  -0.176145 -0.0164007 -0.000465885 -0.000155665 -3.65151e-05  0.0112162   0.125608 0.00966874 -0.0585489  0.0304803   -9.80878 
              39.377  -0.824923 -0.0757647   -15.5387  18.4953  14.2844 0.149425 0 0 0 0 0 0    0.570645    -0.17233 -0.00742191 -0.000449633  -0.00013939  -4.0987e-05  0.0129685   0.127888 0.00898992 -0.0595857  0.0329071   -9.80876 
             39.4771  -0.805579 -0.0780949   -15.6512  18.5478  14.2749 0.149455 0 0 0 0 0 0    0.556209   -0.145579 -0.00489245 -0.000433176 -0.000152224  -4.8674e-05  0.0151829   0.127996 0.00887501 -0.0586809  0.0347304   -9.80876 
             39.5774 -0.769538 -0.130774  -15.7957  18.6136  14.2663 0.153403 0 0 0 0 0 0  0.608679 -0.125578 0.0136909 -0.000420393 -0.000139386 -5.12551e-05 0.0156601  0.125451 0.0082309 -0.0564194  0.0339773   -9.80878 
             39.6775 -0.735504 -0.121375  -15.9326  18.6789  14.2537 0.151734 0 0 0 0 0 0   0.636495  -0.135895 0.00546158 -0.000427313  -0.00013445 -5.70642e-05  0.0154669   0.124566 0.00870837 -0.0558061  0.0334246   -9.80878 
             39.7778 -0.736036  -0.10706  -16.1058  18.7423  14.2404 0.156131 0 0 0 0 0 0  0.639412 -0.137243 0.0156304 -0.000437311 -0.000115194 -5.79815e-05   0.015604   0.124745 0.00815771 -0.0558788  0.0336168   -9.80878 
              39.878  -0.788593 0.00439746   -16.2389  18.7967  14.2064 0.156059 0 0 0 0 0 0   0.612205  -0.209081 0.00470196 -0.000427798 -0.000128125 -5.27952e-05  0.0125987   0.128503 0.00833076 -0.0602254  0.0328996   -9.80876 
             39.9781  -0.80834 0.0491415  -16.3746  18.8648  14.1907 0.156498 0 0 0 0 0 0   0.640632  -0.195271 0.00191331 -0.000412276 -0.000151563  -5.3405e-05  0.0131671   0.126702 0.00831478 -0.058535 0.0325465  -9.80877 
             40.0784 -0.785746 0.0255655  -16.5351  18.9327  14.1691 0.158791 0 0 0 0 0 0  0.650972 -0.196587 0.0116464 -0.000415854 -0.000129063 -3.55329e-05  0.0125452   0.126308 0.00804855 -0.058495 0.0318755  -9.80877 
             40.1785 -0.781406  0.133475  -16.6576  18.9877  14.1489 0.160221 0 0 0 0 0 0    0.617407   -0.203345 0.000660722 -0.000433647 -0.000115149 -4.75714e-05  0.0133667   0.128356 0.00787355 -0.0597526  0.0334466   -9.80876 
             40.2787 -0.824876  0.120089  -16.8078  19.0565  14.1386 0.151831 0 0 0 0 0 0   0.645775  -0.187196 -0.0275429  -0.00040821 -0.000144951 -4.02784e-05  0.0148191   0.126081 0.00909623 -0.0573172  0.0335798   -9.80878 
              40.379 -0.822483 0.0877871  -16.9212  19.1118  14.1325 0.153197 0 0 0 0 0 0    0.616366   -0.151071 -0.00243524 -0.000384152 -9.94652e-05 -5.10202e-05  0.0180633   0.126804 0.00866322 -0.0564283  0.0364798   -9.80877 
             40.4791 -0.776343   0.17334  -17.0641  19.1745  14.1146 0.162128 0 0 0 0 0 0  0.622535 -0.152207 0.0137037 -0.000350323 -6.81398e-05 -6.73579e-05  0.0173461   0.127049 0.00724535 -0.0569162  0.0360213   -9.80877 
             40.5793 -0.708662  0.240282  -17.2341  19.2311  14.0914 0.154057 0 0 0 0 0 0   0.612653  -0.179797 -0.0186202 -0.000379277 -0.000112734 -6.89729e-05  0.0162308   0.128978 0.00876668 -0.058974 0.0360047  -9.80876 
             40.6795 -0.768342  0.195728  -17.3782   19.307  14.0636 0.144594 0 0 0 0 0 0   0.671547   -0.23745 -0.0519458 -0.000398035 -0.000132582 -4.45149e-05  0.0132143   0.126974 0.00974508 -0.0587629   0.032719   -9.80877 
             40.7797 -0.867942  0.096864  -17.4341  19.3635  14.0423 0.147797 0 0 0 0 0 0   0.661028  -0.251187 -0.0180633 -0.000377047  -0.00013073  -3.2228e-06  0.0149379   0.129158 0.00852751 -0.0596912  0.0350608   -9.80876 
             40.8799 -0.862909 0.0922352  -17.3866  19.4308   14.014 0.152096 0 0 0 0 0 0     0.669802    -0.259359 -0.000563224 -0.000370807 -0.000115487  7.29435e-06 0.0142897  0.129272 0.0075659 -0.0600541  0.0345995   -9.80876 
             40.9802 -0.849684  0.118016   -17.305  19.4949  13.9912 0.161193 0 0 0 0 0 0  0.647607 -0.249976 0.0303943 -0.000345518 -0.000109565   2.6371e-05 0.0151282    0.1295 0.0062509 -0.059832 0.0353644  -9.80875 
             41.0803 -0.803788  0.106046  -17.2006 19.5686 13.9741 0.15589 0 0 0 0 0 0   0.668554  -0.214978 0.00865493 -0.000344282 -0.000142583  2.40119e-05  0.0158534   0.127097 0.00741204 -0.0576341  0.0348584   -9.80877 
             41.1805 -0.803075 0.0752216     -17.1   19.638  13.9541 0.156525 0 0 0 0 0 0   0.683757  -0.205735 -0.0134783 -0.000349327 -0.000130822  6.88816e-06  0.0160068     0.1266 0.00737252 -0.0571733  0.0347577   -9.80877 
             41.2807 -0.853284 0.0546176  -17.0048  19.6925  13.9284 0.150179 0 0 0 0 0 0   0.643395  -0.239686 -0.0110056 -0.000380486  -0.00012119  4.43673e-05  0.0163263   0.129666 0.00837612 -0.059468 0.0363717  -9.80875 
             41.3809 -0.895736 0.0487167    -16.85  19.7592  13.9112 0.158296 0 0 0 0 0 0  0.655382 -0.219075 0.0189025 -0.000344629 -8.51809e-05  6.78264e-06  0.0174261    0.12863 0.00691818 -0.0581357  0.0367834   -9.80876 
             41.4811 -0.897177 0.0732617  -16.7327  19.8258   13.893 0.161644 0 0 0 0 0 0  0.671415  -0.20608 0.0276059 -0.000299936 -0.000117339  3.71015e-05 0.0179126   0.12815 0.0068186 -0.0575414  0.0369568   -9.80876 
             41.5813  -0.878187 0.00215004   -16.6237  19.8903  13.8762 0.150759 0 0 0 0 0 0   0.659249  -0.192195 -0.0122692 -0.000308525 -0.000107145  2.09978e-05  0.0186789   0.128163 0.00874843 -0.0572546  0.0375624   -9.80876 
             41.6815  -0.866365 0.00257016   -16.4852  19.9632  13.8579 0.154633 0 0 0 0 0 0     0.67564   -0.196586 -0.00436072 -0.000337459 -9.79889e-05  2.23893e-05  0.0183127   0.126675 0.00792074 -0.0562225  0.0366286   -9.80877 
             41.7819    -0.90382 -0.00220231    -16.3782  20.0475  13.8407 0.152512 0 0 0 0 0 0    0.725178   -0.189172 -0.00127446 -0.000306709 -0.000118181  2.45241e-05 0.0173881  0.123498 0.0083456 -0.0541224  0.0345238   -9.80879 
             41.8818  -0.849997 -0.0439214   -16.2996  20.1159   13.833 0.157143 0 0 0 0 0 0  0.713777 -0.132823 0.0194388 -0.000317447 -9.09295e-05  5.89785e-06   0.019632   0.123451 0.00754924 -0.0531054  0.0362804   -9.80879 
             41.9827  -0.813824 -0.0125358   -16.2138  20.1826  13.8092 0.156687 0 0 0 0 0 0   0.685394  -0.159057 -0.0281009 -0.000333214 -8.70283e-05  9.62565e-06  0.0181757   0.125126 0.00776618 -0.0550555  0.0358435   -9.80878 
             42.0823  -0.889626 -0.0515569   -16.1045  20.2434  13.7884 0.153894 0 0 0 0 0 0    0.65709  -0.187887 0.00341146 -0.000320187 -0.000158913   3.3364e-05  0.0179269   0.126772 0.00799283 -0.0564662  0.0363445   -9.80877 
             42.1824 -0.98383 -0.32644 -15.9298  20.3095  13.7671 0.143532 0 0 0 0 0 0   0.679969  -0.205489 -0.0365882 -0.000302602 -0.000204012 -9.11841e-06  0.0177243    0.12704 0.00943652 -0.0567905  0.0362902   -9.80877 
             42.2827 -1.00425 -0.46968 -15.8383  20.3684   13.754 0.155623 0 0 0 0 0 0  0.654876 -0.174011 0.0022911 -0.000262814 -0.000110646  2.12481e-05  0.0196919    0.12813 0.00716973 -0.0567849  0.0383214   -9.80876 
             42.3828 -0.953728 -0.418612  -15.7272   20.442  13.7297 0.161174 0 0 0 0 0 0   0.70274 -0.196582 0.0441258 -0.000250232 -0.000136198 -3.55767e-07  0.0179445   0.127545 0.00650345 -0.0570389  0.0367032   -9.80877 
              42.483 -0.887692 -0.506812  -15.6507  20.5167  13.7107 0.159076 0 0 0 0 0 0  0.737609 -0.192614 0.0117015 -0.000258329  -9.9121e-05  1.08672e-05  0.0178102   0.126806 0.00740806 -0.0565258  0.0362786   -9.80877 
             42.5834 -0.837983 -0.427263  -15.5488 20.5794 13.6957 0.16195 0 0 0 0 0 0  0.698796 -0.187257 0.0130236 -0.000280104 -4.95294e-05  4.99755e-06  0.0194577   0.128342 0.00711324 -0.057058 0.0382185  -9.80876 
             42.6835 -0.839697 -0.254237  -15.4404  20.6529  13.6765 0.158698 0 0 0 0 0 0   0.722522  -0.200777 0.00190159 -0.000282383 -9.55538e-05  9.33033e-06  0.0191743   0.127903 0.00765754 -0.0568349  0.0378071   -9.80876 
             42.7838 -0.858083 -0.257973  -15.3108   20.735   13.657 0.157496 0 0 0 0 0 0  0.759001 -0.190125 0.0103766 -0.000251941  -7.8136e-05  1.16748e-05  0.0183975   0.126385 0.00808892 -0.0559566  0.0365707   -9.80877 
             42.8838  -0.851401 -0.0884391   -15.2133  20.8199  13.6366 0.163789 0 0 0 0 0 0  0.775576 -0.179167 0.0159637 -0.000273056 -3.76728e-05 -3.14263e-07  0.0173125   0.125136 0.00715628 -0.0553909  0.0352176   -9.80878 
              42.984 -0.912511  0.113839  -15.0671  20.9054  13.6092 0.169986 0 0 0 0 0 0  0.802711 -0.228882 0.0315499 -0.000276651 -0.000121213 -1.35556e-05  0.0154457   0.124707 0.00656703 -0.0557892  0.0335724   -9.80878 
             43.0842 -0.935954 0.0895699  -14.9566  20.9804  13.5925 0.165208 0 0 0 0 0 0   0.79035 -0.213032 0.0179159 -0.000236358 -0.000114765 -1.47675e-06  0.0170021   0.125139 0.00777904 -0.0555355  0.0349704   -9.80878 
             43.1844 -0.834971  0.162315  -14.8393  21.0527  13.5758 0.168379 0 0 0 0 0 0  0.766742 -0.181569 0.0114317 -0.000213988 -4.36549e-05 -5.50233e-06  0.0181378   0.126094 0.00740201 -0.0558352  0.0362477   -9.80877 
             43.2846 -0.744422  0.258442  -14.7229  21.1187  13.5533 0.161911 0 0 0 0 0 0   0.749152  -0.176865 -0.0312357 -0.000254322 -0.000103206 -2.12996e-05   0.018226   0.128435 0.00837107 -0.0576746  0.0372335   -9.80876 
             43.3848 -0.767865  0.140744  -14.6054  21.2001  13.5296 0.157454 0 0 0 0 0 0   0.780644  -0.198599 -0.0387939 -0.000307553 -0.000133915  -3.4081e-07   0.016956   0.128116 0.00869433 -0.0579233  0.0361036   -9.80876 
              43.485 -0.884105  0.109377  -14.4824   21.286  13.5203 0.156017 0 0 0 0 0 0     0.8008  -0.182118 -0.0190486 -0.000313398 -8.61337e-05 -5.27017e-06 0.0180799  0.125986 0.0083597 -0.0557957  0.0361735   -9.80877 
             43.5852 -0.920927  0.166502  -14.3198  21.3772  13.4905 0.163391 0 0 0 0 0 0    0.819044   -0.218396 -0.00327039 -0.000267461 -6.32519e-05 -1.61741e-05 0.0155103  0.125273 0.0069178 -0.0561844  0.0338652   -9.80878 
             43.6854 -0.816238  0.192245     -14.2  21.4492  13.4722 0.171595 0 0 0 0 0 0  0.794452 -0.194395 0.0370001 -0.000237195 -8.70201e-05 -3.97037e-06  0.0167116   0.126656 0.00585555 -0.0568022  0.0353421   -9.80877 
             43.7856 -0.738542  0.187369  -14.0661  21.5312  13.4556 0.163596 0 0 0 0 0 0   0.812052   -0.16443 -0.0104026 -0.000223164 -0.000113521 -3.51616e-05  0.0167332   0.126197 0.00723459 -0.0564592  0.0351863   -9.80877 
             43.8858 -0.694803  0.141632  -13.9974  21.6045  13.4306 0.157943 0 0 0 0 0 0   0.800858  -0.180954 -0.0395849 -0.000277824 -0.000114428   7.8766e-07  0.0160721    0.12811 0.00781174 -0.0582331  0.0353741   -9.80876 
              43.989 -0.831106 0.0900193  -13.8489  21.6776  13.4174 0.150548 0 0 0 0 0 0   0.767686  -0.196247 -0.0441522  -0.00030316 -0.000107506 -2.38805e-05  0.0176698   0.128745 0.00832266 -0.058156 0.0368752  -9.80876 
             44.0862 -0.920458  0.109203  -13.7381  21.7483  13.4052 0.155208 0 0 0 0 0 0    0.75742  -0.174377 -0.0328385  -0.00031097 -0.000101624 -2.00403e-05  0.0189614   0.128866 0.00678458 -0.0577488  0.0379446   -9.80876 
             44.1864 -0.972523  0.137763  -13.5986 21.8462 13.3935 0.16838 0 0 0 0 0 0  0.818506 -0.157669 0.0278364 -0.000250666 -0.000139861 -3.39025e-05  0.0179638   0.125256 0.00461468 -0.0552063  0.0358494   -9.80878 
             44.2866 -0.911837 0.0203643   -13.577  21.9262  13.3658 0.178182 0 0 0 0 0 0  0.823175 -0.188785 0.0728443   -0.0002068 -0.000135984 -3.45366e-05  0.0165796   0.126818 0.00378954 -0.0569239  0.0353155   -9.80877 
             44.3868  -0.740053 -0.0254873   -13.5743  22.0098  13.3469 0.170413 0 0 0 0 0 0     0.824788    -0.165495 -0.000281453 -0.000228357 -6.31169e-05 -6.59721e-05  0.0163211   0.126704 0.00579597 -0.0569685  0.0350623   -9.80877 
             44.4869 -0.654625  0.144245  -13.6561  22.0893  13.3336 0.155954 0 0 0 0 0 0   0.807606   -0.14052 -0.0580376 -0.000278245 -6.03057e-05 -5.06046e-05   0.016724    0.12673 0.00756495 -0.056882 0.0353842  -9.80877 
             44.5871 -0.760785  0.182247  -13.6668   22.163  13.3145 0.158791 0 0 0 0 0 0   0.778856  -0.167351 -0.0232882 -0.000319277  -0.00013209 -6.54641e-05  0.0166361   0.128057 0.00639659 -0.0579416  0.0357839   -9.80876 
             44.6874  -0.92939 0.0540861   -13.727  22.2292  13.3014 0.161783 0 0 0 0 0 0    0.72604  -0.170053 0.00766668 -0.000325974 -0.000112658  -6.4108e-05  0.0182259   0.129271 0.00573386 -0.0583326  0.0374689   -9.80875 
             44.7875  -1.02949 0.0623481  -13.7027   22.296  13.2756 0.173449 0 0 0 0 0 0  0.692219 -0.214056 0.0517762 -0.000312056 -9.85172e-05 -5.47026e-05  0.0176926   0.130816 0.00432443 -0.0597122  0.0375913   -9.80875 
             44.8878   -1.0246 0.0260818  -13.6694  22.3611  13.2685 0.190086 0 0 0 0 0 0  0.685164 -0.163455 0.0981084 -0.000221776 -9.62955e-05 -6.78844e-05  0.0199233   0.130424 0.00293087 -0.0585943   0.039222   -9.80875 
             44.9881 -0.830635 -0.028823  -13.6767   22.444  13.2463 0.183266 0 0 0 0 0 0  0.745732 -0.164869 0.0458173 -0.000216673 -0.000102565 -9.31467e-05   0.018105   0.129111 0.00513821  -0.05824 0.0373183  -9.80876 
             45.0881 -0.667737   0.05225  -13.7392  22.5116    13.23 0.157847 0 0 0 0 0 0   0.718335   -0.15106 -0.0798276 -0.000245129 -7.69795e-05 -6.17203e-05   0.018429   0.129847 0.00879982 -0.058784 0.0378057  -9.80875 
             45.1883 -0.658918  0.118051  -13.7208  22.5986  13.2077 0.157089 0 0 0 0 0 0     0.7766  -0.173896 -0.0524914 -0.000300838 -0.000110431 -8.16455e-05  0.0164353   0.128586 0.00780015 -0.0584595  0.0358052   -9.80876 
             45.2885 -0.780047 0.0629414  -13.7146  22.6762    13.19 0.158816 0 0 0 0 0 0   0.785802  -0.198929 -0.0116808  -0.00031596 -0.000114733 -6.74547e-05    0.01653   0.128564 0.00705061 -0.0583964  0.0358742   -9.80876 
             45.3888 -0.913962 0.0633214  -13.6896   22.755  13.1724 0.158146 0 0 0 0 0 0   0.787664  -0.193576 -0.0125379 -0.000293854 -8.64408e-05 -6.58737e-05  0.0167521   0.128266 0.00691214 -0.0580837  0.0359474   -9.80876 
             45.4889 -0.94603  0.14443 -13.6486 22.8166 13.1541  0.1711 0 0 0 0 0 0  0.736483 -0.193794 0.0373454 -0.000260388  -0.00013714 -7.02096e-05  0.018239  0.130344 0.0050598 -0.0591764   0.037828   -9.80875 
             45.5892 -0.897656  0.115057  -13.6449  22.8971  13.1303 0.174781 0 0 0 0 0 0   0.76344 -0.207602 0.0385754 -0.000219794 -0.000105537 -5.87295e-05  0.0172551    0.12986 0.00510024 -0.0591306  0.0368914   -9.80875 
             45.6893 -0.760247  0.204425  -13.6321  22.9775  13.1102 0.168882 0 0 0 0 0 0   0.763884   -0.19764 -0.0163447 -0.000239936 -6.89348e-05 -5.64664e-05  0.0169473   0.129307 0.00621457 -0.058824 0.0364601  -9.80876 
             45.7897 -0.703028  0.301952  -13.5822  23.0551  13.0923 0.169918 0 0 0 0 0 0   0.780628  -0.190513 -0.0118894 -0.000258506 -9.51189e-05 -6.32899e-05  0.0171796   0.129185 0.00568969 -0.0586398  0.0366026   -9.80876 
             45.8897 -0.701746  0.192443  -13.5321  23.1379  13.0773 0.170362 0 0 0 0 0 0  0.821455 -0.183321 0.0050627 -0.000270433 -0.000125943 -5.62072e-05  0.0174062    0.12843 0.00572847 -0.0579736  0.0365291   -9.80876 
             45.9929 -0.762481   0.18193  -13.5129 23.2116 13.0606  0.1546 0 0 0 0 0 0  0.799164 -0.190835 -0.043154 -0.000282617  -5.9296e-05 -7.90894e-05  0.0185962   0.129738 0.00789717 -0.0586458  0.0378963   -9.80875 
             46.0901 -0.830301  0.283974  -13.4614  23.2832  13.0459 0.160674 0 0 0 0 0 0   0.809098  -0.197122 -0.0170116 -0.000280276 -7.88529e-05 -6.89385e-05  0.0197279   0.130381 0.00629897 -0.0587457  0.0389919   -9.80875 
             46.1929 -0.838502  0.263265  -13.4222  23.3721  13.0199 0.167153 0 0 0 0 0 0  0.843823 -0.219414 0.0255871 -0.000248095 -8.28931e-05 -7.83876e-05 0.0186801  0.130173 0.0054002 -0.0589077  0.0381036   -9.80875 
             46.2905 -0.738288  0.332276  -13.4149  23.4518  13.0028 0.169887 0 0 0 0 0 0   0.843941   -0.19176 0.00525941 -0.000220071 -4.03707e-05 -7.13526e-05  0.0193402   0.130221 0.00515126 -0.0587257  0.0386352   -9.80875 
             46.3911 -0.649415  0.416868  -13.3636   23.542  12.9804 0.174921 0 0 0 0 0 0  0.884688 -0.184283 0.0188338 -0.000237658 -0.000109769 -8.09889e-05  0.0186175    0.13015 0.00430199 -0.0588858  0.0380461   -9.80875 
             46.4909 -0.636578  0.333217  -13.3485  23.6339   12.959 0.160657 0 0 0 0 0 0    0.91697  -0.201248 -0.0429656 -0.000302128 -9.12001e-05 -6.78874e-05  0.0181402   0.129983 0.00646241 -0.0589527  0.0376273   -9.80875 
             46.5931 -0.717139  0.445294  -13.3065  23.7223  12.9404 0.150516 0 0 0 0 0 0   0.902028  -0.217375 -0.0732292  -0.00034487 -8.28184e-05 -4.53822e-05  0.0188926   0.130354 0.00717325 -0.059017 0.0383354  -9.80875 
             46.6913 -0.837032  0.442668  -13.1961   23.815  12.9231 0.172403 0 0 0 0 0 0  0.925696 -0.221156 0.0602073 -0.000282315  -0.00013796 -6.53638e-05     0.0194   0.129777 0.00334566 -0.0583267  0.0385299   -9.80875 
             46.7918 -0.768436  0.411341  -13.1485  23.9085  12.8985 0.173995 0 0 0 0 0 0   0.93319 -0.219552 0.0382956 -0.000217993 -8.14694e-05 -8.01551e-05  0.0191103   0.130098 0.00421332 -0.0586866   0.038409   -9.80875 
             46.8917 -0.573158  0.559603  -13.1045  23.9962  12.8851 0.168329 0 0 0 0 0 0   0.938253  -0.172952 -0.0023596 -0.000237764 -8.70386e-05 -7.38539e-05  0.0205384   0.130293 0.00539743 -0.0584211  0.0395885   -9.80875 
             46.9919 -0.463559   0.60831  -13.0849  24.1055  12.8583 0.160944 0 0 0 0 0 0   0.992685  -0.198601 -0.0383037 -0.000270214  -8.9904e-05 -7.25416e-05  0.0183358   0.129199 0.00613861 -0.0582654  0.0375426   -9.80876 
             47.0923 -0.485473  0.740656  -13.0484  24.1992  12.8365 0.147724 0 0 0 0 0 0   0.960894   -0.20943 -0.0759113 -0.000265113 -6.86713e-05 -5.23064e-05  0.0184423   0.129917 0.00740994 -0.0588179  0.0378576   -9.80875 
             47.1923 -0.48961 0.817591 -12.9573  24.2897  12.8082 0.161529 0 0 0 0 0 0  0.942361 -0.233695 0.0121613 -0.000291307 -0.000113452 -6.96581e-05  0.0181554    0.13119 0.00467975 -0.0598384  0.0379831   -9.80874 
             47.2924 -0.546715  0.782846  -12.9149   24.389   12.781 0.163473 0 0 0 0 0 0   0.956538  -0.255611 0.00988375 -0.000259378 -0.000110368 -6.10396e-05  0.0175004   0.130938 0.00445409 -0.0598348   0.037395   -9.80875 
             47.3926 -0.513045  0.813555  -12.8327  24.4834  12.7621 0.162256 0 0 0 0 0 0   0.948478  -0.230997 -0.0079803 -0.000252076 -0.000105514  -5.3322e-05  0.0183499   0.130623 0.00468021 -0.0593421  0.0379645   -9.80875 
             47.4928 -0.485648  0.840199  -12.7488  24.5758  12.7499 0.168816 0 0 0 0 0 0  0.941502  -0.19481 0.0363556 -0.000241056 -0.000150227 -3.83904e-05  0.0198602   0.130126 0.00381731 -0.0584903  0.0389739   -9.80875 
              47.593 -0.424359  0.715072   -12.604  24.6773  12.7266 0.174434 0 0 0 0 0 0  0.965303  -0.21073 0.0386416 -0.000226171 -0.000155495 -7.15715e-05  0.0189749   0.129574 0.00345243 -0.0583136  0.0381201   -9.80875 
             47.6932 -0.322778  0.603791  -12.5588   24.787  12.6917 0.164282 0 0 0 0 0 0     1.01369   -0.248134 -0.00908041 -0.000217307 -0.000109583 -7.58585e-05  0.0162934   0.129149 0.00535261 -0.0588017  0.0359543   -9.80876 
             47.7934 -0.24259 0.646385 -12.5421   24.882  12.6743 0.148563 0 0 0 0 0 0   0.969807  -0.227002 -0.0841177 -0.000267728   -9.186e-05 -9.71635e-05   0.017288   0.129072 0.00708871 -0.0584901   0.036732   -9.80876 
             47.8936 -0.315255  0.690292  -12.5035  24.9851  12.6469 0.152283 0 0 0 0 0 0   0.975601  -0.226706 -0.0281083 -0.000263276 -0.000131643 -7.74855e-05  0.0162673   0.128772 0.00545835 -0.0585203  0.0358301   -9.80876 
             47.9938 -0.388664  0.598026  -12.4273  25.0716  12.6301 0.156411 0 0 0 0 0 0   0.917983   -0.21752 0.00111739 -0.000270741 -0.000142079 -0.000107239  0.0177046   0.129466 0.00472895 -0.0586418  0.0371219   -9.80875 
              48.094 -0.435005  0.647479  -12.4548  25.1709  12.6069 0.152597 0 0 0 0 0 0   0.908899  -0.215443 -0.0122803 -0.000269277   -0.0001004 -0.000133713  0.0168696   0.128608 0.00523018 -0.0582195  0.0362478   -9.80876 
             48.1942 -0.420686   0.69413  -12.6151  25.2616   12.582 0.162245 0 0 0 0 0 0  0.902877 -0.216046 0.0439876 -0.000230835 -0.000145883  -0.00015873 0.0165397  0.128884 0.0039075 -0.0585009   0.036049   -9.80876 
             48.2944 -0.367388   0.60873  -12.8988  25.3535  12.5561 0.156731 0 0 0 0 0 0  0.878044 -0.223824 0.0104042 -0.000230927  -9.2442e-05 -0.000205467  0.0157912   0.128987 0.00528512 -0.0588101  0.0355215   -9.80876 
             48.3946 -0.329989  0.715029  -13.2801   25.436  12.5349 0.148261 0 0 0 0 0 0   0.851837  -0.214624 -0.0215965 -0.000264381 -0.000101517 -0.000216467  0.0162087   0.129474 0.00650026 -0.0590912  0.0359951   -9.80876 
             48.4948 -0.377699  0.656865  -13.6935  25.5359  12.5043 0.155192 0 0 0 0 0 0  0.895246 -0.241687 0.0181447 -0.000261964  -0.00015515 -0.000260451  0.0142134   0.128511 0.00535972 -0.0588875  0.0341768   -9.80876 
              48.595 -0.376821  0.617114  -14.2664  25.6207  12.4752 0.139799 0 0 0 0 0 0    0.85871  -0.260567 -0.0579549 -0.000290461 -9.56896e-05 -0.000250202  0.0139198   0.129166 0.00762535 -0.0595102  0.0341718   -9.80876 
             48.6956 -0.426994  0.673465  -14.7935  25.6928  12.4639 0.148504 0 0 0 0 0 0  0.809426 -0.224215 0.0128756 -0.000284632 -0.000114671 -0.000264507  0.0166526   0.129617 0.00578693 -0.0590323  0.0363653   -9.80875 
             48.7954 -0.465902  0.621595  -15.4004  25.7709  12.4407 0.149941 0 0 0 0 0 0    0.789163   -0.231625 0.000559308 -0.000276919 -0.000106168 -0.000265769   0.016747   0.129893 0.00571159 -0.0592133  0.0365188   -9.80875 
             48.8956 -0.458446  0.674997   -16.007  25.8579  12.4114 0.147742 0 0 0 0 0 0   0.788283  -0.238357 -0.0263232  -0.00028691 -8.60125e-05 -0.000293566   0.015329   0.129318 0.00582952 -0.0592149   0.035265   -9.80876 
             48.9958 -0.476652  0.634765  -16.7012  25.9242  12.3993 0.161135 0 0 0 0 0 0   0.75133 -0.218905 0.0395225 -0.000308406 -0.000141336 -0.000282154   0.017705   0.129987 0.00377907 -0.0589305  0.0372502   -9.80875 
             49.0969 -0.54453 0.497582 -17.3682  26.0021  12.3724 0.150239 0 0 0 0 0 0   0.762483  -0.239203 -0.0149151 -0.000301839 -0.000131938  -0.00031696  0.0170737   0.130117 0.00578088 -0.0592708  0.0368427   -9.80875 
             49.1969 -0.540678   0.54624  -18.1127  26.0771  12.3701 0.139923 0 0 0 0 0 0   0.740018  -0.187869 -0.0381748 -0.000328059 -7.55707e-05 -0.000358865  0.0196195   0.128514 0.00691332 -0.0572221  0.0382218   -9.80876 
             49.2963 -0.619575  0.593809  -18.9538  26.1501  12.3429 0.151996 0 0 0 0 0 0   0.739046  -0.219118 0.00543683 -0.000270879 -0.000121228 -0.000386139  0.0187401   0.129181 0.00466231 -0.0579898  0.0377747   -9.80876 
             49.3965 -0.565325  0.481791  -19.8916  26.2318  12.3096 0.157094 0 0 0 0 0 0  0.773414   -0.2538 0.0232865  -0.00026101  -0.00013142 -0.000403697  0.0169316   0.129073 0.00414475 -0.0585562  0.0363836   -9.80876 
              49.497 -0.464301  0.459715  -20.8681  26.3067  12.2835 0.147446 0 0 0 0 0 0   0.756426  -0.266038 -0.0260384  -0.00033178 -0.000102572 -0.000397558 0.0169464  0.129394 0.0057432 -0.0588151   0.036531   -9.80876 
             49.5969 -0.543674  0.516821  -21.8158  26.3761  12.2561 0.142631 0 0 0 0 0 0   0.719972  -0.288364 -0.0310215 -0.000360949 -9.53582e-05 -0.000379801  0.0172876   0.130084 0.00601706 -0.0591942   0.037054   -9.80875 
             49.6972 -0.616534  0.520616  -22.6661  26.4403  12.2297 0.147087 0 0 0 0 0 0      0.6842   -0.306201 -0.00636357 -0.000371734 -0.000119351 -0.000302596   0.018346   0.130814 0.00499967 -0.0592867  0.0381128   -9.80875 
             49.7973 -0.650528  0.527701  -23.2336  26.4911   12.215 0.146405 0 0 0 0 0 0   0.623545  -0.262559 -0.0183392   -0.0002971 -0.000111778 -0.000243519  0.0214528   0.131955 0.00499334 -0.0588269  0.0408428   -9.80874 
             49.8975 -0.547268  0.483225  -23.5975  26.5494  12.1933 0.153343 0 0 0 0 0 0    0.634293   -0.246389 0.000674958 -0.000276115 -0.000133554  -0.00011971   0.022247   0.132228 0.00390668 -0.0586688  0.0415223   -9.80874 
             49.9977 -0.426096  0.319893  -23.6639 26.5921 12.1694 0.15757 0 0 0 0 0 0  0.588567 -0.242589 0.0618686 -0.000302384 -0.000161484 -8.44657e-05  0.0235436   0.135043 0.00362629 -0.0601168  0.0436786   -9.80872 
             50.1008 -0.375288   0.25625  -23.6288  26.6348  12.1631 0.143487 0 0 0 0 0 0  0.531182 -0.185575 -0.034735 -0.000337877 -8.56459e-05 -1.11966e-05  0.0268915   0.136229 0.00606135 -0.0595182  0.0466114   -9.80871 
             50.1981 -0.44684 0.455183 -23.3793  26.6856  12.1463 0.133198 0 0 0 0 0 0   0.516915   -0.18542 -0.0676836 -0.000346368 -8.41172e-05   -2.463e-06  0.0271538   0.136111 0.00685068 -0.0593264  0.0467512   -9.80871 
             50.2983 -0.49527 0.437039 -23.1123 26.7597 12.1272  0.1547 0 0 0 0 0 0  0.614563 -0.202736 0.0291516 -0.000304847 -0.000196173  5.52227e-05  0.0263013   0.133443 0.00349451 -0.0577741  0.0449366   -9.80873 
             50.3985 -0.480092   0.29187  -22.6565  26.8458  12.0981 0.150238 0 0 0 0 0 0  0.695877 -0.239116 0.0055694 -0.000233495 -0.000173316  3.45385e-05  0.0240742   0.130793 0.00451557 -0.0568844  0.0421951   -9.80874 
             50.5049 -0.373197  0.406425  -22.2689  26.9116  12.0639 0.134633 0 0 0 0 0 0   0.672939  -0.254229 -0.0482392 -0.000222173 -0.000115714  6.45809e-05  0.0233614   0.132257 0.00644035 -0.0582575  0.0423388   -9.80874 
             50.5989 -0.292503  0.507409  -21.7863  26.9879  12.0406 0.150332 0 0 0 0 0 0  0.726291 -0.242161 0.0320259 -0.000147063 -0.000150843  5.67135e-05  0.0227478   0.130797 0.00382018 -0.0574529   0.041254   -9.80874 
             50.6991 -0.0832392    0.57797    -21.357  27.0618  12.0123 0.143472 0 0 0 0 0 0   0.741812  -0.233663 -0.0378933 -0.000195914 -9.61535e-05   1.5052e-05  0.0220929   0.131051 0.00486575 -0.0579204  0.0409035   -9.80874 
             50.7993 0.0591013  0.796173  -20.9917  27.1475   11.984 0.138836 0 0 0 0 0 0   0.783249  -0.237234 -0.0313706 -0.000303182 -0.000152789  5.94934e-05 0.0206879  0.130078 0.0051237 -0.0578066  0.0394994   -9.80875 
             50.8995 -0.0593623   0.761218    -20.554  27.2278  11.9525 0.150451 0 0 0 0 0 0  0.792814 -0.277969 0.0393298 -0.000324273 -0.000208367  2.23493e-05 0.0198123  0.130377 0.0033906 -0.0583644  0.0389619   -9.80875 
             50.9997 -0.297139  0.687024  -20.0942  27.298 11.9111 0.13688 0 0 0 0 0 0   0.741339  -0.334846 -0.0444286 -0.000213119 -0.000107883  5.46057e-05  0.0186587   0.132091 0.00543648 -0.0600691  0.0388463   -9.80874 
             51.1009 -0.245527  0.871103  -19.6206   27.379  11.8786 0.152023 0 0 0 0 0 0  0.754975 -0.317445 0.0263367 -0.000157078 -0.000181987  3.56179e-05  0.0183827   0.131262 0.00296549 -0.0595589  0.0382779   -9.80874 
             51.2022 -0.0744586   0.684675   -19.0907  27.4574  11.8602 0.178353 0 0 0 0 0 0  0.782804 -0.252198  0.109668 -0.000120449 -0.000226129  6.12111e-06   0.0197343    0.130408 6.76075e-05 -0.0584049  0.0388739   -9.80875 
             51.3003 0.121201 0.519788 -18.6814  27.5374  11.8427 0.159513 0 0 0 0 0 0   0.802092  -0.216057 0.00309538 -0.000157755  -0.00016939  2.12561e-05  0.0200851   0.129673 0.00372229 -0.0577733  0.0389325   -9.80875 
             51.4005 0.181368 0.581771 -18.2404  27.6125  11.8131 0.138156 0 0 0 0 0 0  0.775824 -0.236543 -0.078282 -0.000218988 -0.000163978  8.02263e-06 0.0194067    0.1307 0.0063188 -0.0587797  0.0388581   -9.80875 
             51.5006 0.0714646  0.594219  -17.7589  27.6825  11.7974 0.142372 0 0 0 0 0 0   0.745687   -0.21215 -0.0390633 -0.000202035 -0.000175733  4.00917e-06  0.0207261   0.131091 0.00492238 -0.0586002  0.0399245   -9.80874 
             51.6008 0.0139693  0.532883  -17.2949  27.7655  11.7692 0.147479 0 0 0 0 0 0   0.766065  -0.222334 -0.0194739 -0.000171751 -0.000197119  2.63103e-06  0.0195878   0.130678 0.00385561 -0.0586797  0.0389367   -9.80875 
             51.7011 0.0586391  0.458207  -16.8497  27.8511  11.7418 0.150561 0 0 0 0 0 0   0.799406  -0.217694 0.00764722 -0.000170041 -0.000213619  9.84095e-06 0.0186034  0.130118 0.0035029 -0.0585905  0.0380316   -9.80875 
             51.8022 0.0997906  0.398052  -16.3716  27.9138  11.7075 0.149764 0 0 0 0 0 0  0.764736 -0.247128 0.0357684  -0.00015791 -0.000166814 -1.38685e-05  0.0187051   0.132787 0.00370903 -0.0605095  0.0389432   -9.80874 
             51.9015 0.159552  0.60879 -15.9938  27.9906  11.6905 0.118606 0 0 0 0 0 0  0.758434 -0.210349 -0.132662 -0.000203571 -7.21868e-05 -1.50875e-05  0.0192161   0.132252 0.00759675 -0.0599676  0.0392222   -9.80874 
             52.0016 0.0780902  0.990023  -15.5942  28.0716  11.6637 0.120185 0 0 0 0 0 0   0.759765  -0.233178 -0.0789277 -0.000187111 -0.000128971 -7.77407e-07  0.0184144   0.131945 0.00589506 -0.0599733  0.0385161   -9.80874 
             52.1018 0.103167 0.972359 -15.1252  28.1477  11.6582 0.153472 0 0 0 0 0 0  0.751599 -0.192712 0.0810795  -0.00021879 -0.000238253  6.69798e-07  0.0201913   0.130858 0.00137096 -0.0586619   0.039413   -9.80875 
              52.205 0.0456804  0.800117  -14.6286  28.2035  11.6465 0.159486 0 0 0 0 0 0  0.686569  -0.15529 0.0561531 -0.000116096 -0.000157046 -6.56557e-06  0.0222458   0.132381 0.00148522 -0.0592266  0.0413239   -9.80873 
             52.3022 0.246654  0.87616 -14.2537  28.2893  11.6074 0.144398 0 0 0 0 0 0    0.739915   -0.187711 -0.00724055 -0.000141065 -0.000150988 -8.55848e-06  0.0189324     0.1323 0.00394446 -0.0600356  0.0389476   -9.80874 
             52.4024 0.361977  0.99864  -13.894  28.3667   11.586 0.136173 0 0 0 0 0 0   0.735392  -0.192033 -0.0291066 -0.000165709 -0.000134254  1.62668e-05 0.0184438  0.132118 0.0047832 -0.0600288  0.0385706   -9.80874 
             52.5028 0.313931  1.06603 -13.5129 28.4522 11.5621 0.14037 0 0 0 0 0 0   0.767215  -0.198682 -0.0358621 -0.000153427  -0.00015121  1.59271e-05  0.0172189   0.131404 0.00368123 -0.0597834  0.0374793   -9.80875 
             52.6028 0.320395  0.95825 -13.1061  28.5212  11.5527 0.166887 0 0 0 0 0 0  0.753605  -0.17311 0.0965886 -0.000203941 -0.000222291 -1.90695e-05   0.0186495    0.131435 0.000551908 -0.059468 0.0384259  -9.80874 
              52.703 0.201626 0.689734 -12.6641  28.5988  11.5402 0.166327 0 0 0 0 0 0  0.754789 -0.159637 0.0663054 -0.000195793 -0.000201942 -1.97372e-05  0.0188318   0.131059 0.00158944 -0.0591627  0.0385141   -9.80875 
             52.8032 0.00256358   0.679143   -12.2349  28.6682  11.5306 0.151704 0 0 0 0 0 0   0.722491  -0.146884 -0.0237797 -0.000108613  -0.00014432  -3.0511e-05 0.0195194  0.131159 0.0038214 -0.0591143  0.0391025   -9.80874 
             52.9034 -0.0868463   0.609619   -11.8246  28.7251  11.5178 0.166978 0 0 0 0 0 0  0.673019 -0.168836   0.04192 -5.42853e-05 -0.000170893  -1.7095e-05 0.0206305  0.132216 0.0021415 -0.0596643  0.0400553   -9.80874 
             53.0059 0.128364 0.579811 -11.3806 28.8011 11.5034 0.14953 0 0 0 0 0 0   0.686828  -0.136907 -0.0316447 -0.000100261 -0.000172747 -1.14235e-05  0.0202104   0.131692 0.00423142 -0.0593721  0.0397117   -9.80874 
             53.1038  0.30854 0.573905 -10.9887  28.8835  11.4968 0.147525 0 0 0 0 0 0   0.740521 -0.0868657 -0.0207061  -8.1707e-05 -0.000185487 -1.20192e-05  0.0196437   0.130311 0.00406253 -0.058464 0.0390843  -9.80875 
              53.204 0.393624 0.472686 -10.5734  28.9454  11.4932 0.146216 0 0 0 0 0 0   0.710087 -0.0558545 -0.0119248 -0.000106079 -0.000152888 -5.58055e-05  0.0206484   0.130911 0.00406858 -0.0587504  0.0398911   -9.80874 
             53.3045 0.353579 0.536945 -10.2679  29.0145  11.4818 0.134428 0 0 0 0 0 0   0.693329   -0.07457 -0.0601977  -0.00015308 -0.000117914  -7.2072e-06  0.0203122   0.131275 0.00504348 -0.0590578  0.0397188   -9.80874 
             53.4044 0.282033 0.530044 -9.77671  29.0845  11.4661 0.144642 0 0 0 0 0 0  0.698809 -0.110021 0.0172376 -0.000166908 -0.000172647 -2.52968e-05 0.0197782  0.131601 0.0034252 -0.0593507  0.0393391   -9.80874 
             53.5046 0.138198 0.393557 -9.34196  29.1652  11.4565 0.151421 0 0 0 0 0 0   0.725961 -0.0975947  0.0291528 -0.000104798 -0.000160129 -1.88774e-05  0.0191304   0.130809 0.00284006 -0.0588559  0.0387861   -9.80875 
             53.6048 0.126355  0.40135 -8.90056  29.2333  11.4443 0.145928 0 0 0 0 0 0   0.692922   -0.09621 -0.0149384 -8.75429e-05 -0.000138641 -3.37121e-05 0.0191776  0.131165  0.003764 -0.0591035  0.0388711   -9.80874 
              53.705 0.185105 0.390837 -8.48229  29.2921  11.4464 0.141739 0 0 0 0 0 0    0.664314  -0.0695713 -0.00252565 -0.000111781 -0.000171786 -2.33598e-05 0.0205784  0.131113 0.0041071 -0.0589619  0.0398538   -9.80874 
             53.8052  0.16778 0.273391 -8.11505  29.3661  11.4299 0.139699 0 0 0 0 0 0    0.692441  -0.0841618 -0.00480796 -7.06162e-05 -0.000136677 -2.83896e-05  0.0195384    0.13134 0.00426956 -0.0591827  0.0391476   -9.80874 
             53.9054 0.181561 0.372352 -7.74885  29.4224  11.4195 0.133203 0 0 0 0 0 0   0.643613 -0.0727628 -0.0449027 -3.27884e-05 -9.77959e-05  -4.4576e-05  0.0201968    0.13232 0.00487377 -0.0598328  0.0396565   -9.80874 
             54.0056 0.328389 0.500114 -7.58116  29.4774  11.3911 0.139007 0 0 0 0 0 0   0.616009   -0.12571 -0.0117144 -9.54283e-05 -0.000155255 -5.30508e-05  0.0196398    0.13415 0.00374224 -0.061112 0.0393149  -9.80873 
             54.1057 0.405299 0.209464 -7.34709  29.5386  11.3857 0.152439 0 0 0 0 0 0  0.637414 -0.105113 0.0515234 -0.000143245 -0.000168935 -5.87843e-05  0.0201196   0.133741 0.00224246 -0.0608214  0.0396061   -9.80873 
              54.206 0.345815 0.107349 -7.17106   29.621  11.3588 0.138231 0 0 0 0 0 0   0.695352  -0.140191 -0.0193954 -0.000112834 -0.000136793 -8.08863e-05  0.0179981   0.133812 0.00424196 -0.0608884  0.0382114   -9.80874 
             54.3061  0.25915 0.305501 -7.04529   29.672  11.3442 0.127131 0 0 0 0 0 0    0.63737   -0.13743 -0.0444131   -9.968e-05  -0.00013946 -7.32742e-05   0.019132   0.134898 0.00525219 -0.0616153  0.0389884   -9.80873 
             54.4063 0.117442 0.327172 -6.98822  29.7419  11.3358 0.137874 0 0 0 0 0 0  0.657668 -0.148164 0.0229807 -7.41038e-05 -0.000151579 -4.21822e-05  0.0190893   0.134129 0.00366372 -0.0611093  0.0389391   -9.80873 
             54.5066 0.0961598  0.367081  -6.81419  29.8199  11.3281 0.129733 0 0 0 0 0 0   0.688087  -0.136176 -0.0313204 -9.05664e-05 -0.000123093 -6.63675e-05  0.0185939   0.133023 0.00470869 -0.0603636  0.0386477   -9.80874 
             54.6068 0.0440783  0.475999  -6.71962  29.8938  11.3278 0.135715 0 0 0 0 0 0    0.700369   -0.105885 -0.00541813 -4.42338e-05 -0.000121952 -6.66526e-05  0.0188999   0.131891 0.00375298 -0.059623  0.038859  -9.80874 
             54.7069 0.144524  0.46992 -6.65116  29.9623   11.314 0.145701 0 0 0 0 0 0  0.703643 -0.100678 0.0406254 -3.41054e-05 -0.000152312 -6.98743e-05 0.0188667  0.132266 0.0027007 -0.059866 0.0388102  -9.80874 
             54.8072 0.311728 0.430366 -6.64393  30.0172   11.306 0.143534 0 0 0 0 0 0   0.662093 -0.0810366  0.0136534 -6.24222e-05 -0.000109739 -8.23352e-05  0.0199174   0.132989 0.00330067 -0.060373 0.0394832  -9.80873 
             54.9073 0.295978 0.523358 -6.67717  30.0875   11.302 0.141796 0 0 0 0 0 0   0.669745 -0.0619039 0.00816857 -5.15469e-05 -0.000108084 -7.89396e-05  0.0198015   0.132579 0.00365269 -0.0601041  0.0394285   -9.80874 
             55.0075 0.232439  0.69615 -6.72192 30.1539 11.3028 0.13539 0 0 0 0 0 0   0.641731 -0.0455193 -0.0289412 -6.46279e-05 -9.05054e-05 -0.000100264  0.0200126   0.132123 0.00434887 -0.0598198  0.0395962   -9.80874 
             55.1078 0.230899 0.806576 -6.89215  30.2244  11.2858 0.138709 0 0 0 0 0 0    0.65333 -0.0845399   0.011793 -0.000112249 -0.000144496 -0.000121039  0.0190299   0.132542 0.00366239 -0.060049 0.0389302  -9.80874 
             55.2079  0.23412 0.625089 -7.06722  30.2928  11.2715 0.149149 0 0 0 0 0 0  0.665538 -0.100792 0.0375789  -0.00011157 -0.000129577 -0.000146947  0.0186195   0.132747 0.00274291 -0.0601575  0.0386359   -9.80874 
             55.3081  0.20344 0.667596 -7.41422  30.3452  11.2456 0.135516 0 0 0 0 0 0   0.608985  -0.129516 -0.0128484 -5.53014e-05 -8.88537e-05 -0.000136253  0.0186983   0.134473 0.00464081 -0.0612915  0.0386728   -9.80873 
             55.4083 0.192801 0.818437 -7.74882  30.4066  11.2448 0.137195 0 0 0 0 0 0    0.603069   -0.103694 -0.00759861 -7.89001e-05 -0.000125548 -0.000134915  0.0192269   0.133668 0.00421763 -0.0607842  0.0390281   -9.80873 
             55.5085 0.199839 0.793438 -8.09184  30.4613  11.2346 0.141235 0 0 0 0 0 0    0.589464   -0.115279 -0.00493996   -0.0001201 -0.000155871 -0.000147658 0.0196531  0.133921 0.0036922 -0.0609516  0.0392846   -9.80873 
             55.6087 0.134034 0.717905 -8.41941   30.538  11.2257 0.142209 0 0 0 0 0 0  0.639172 -0.112008 0.0210469 -7.80852e-05  -0.00011742 -0.000154477  0.0186397   0.132825 0.00369453 -0.0602261  0.0386434   -9.80874 
             55.7089 0.223903   0.7262 -8.84268  30.6126  11.2196 0.136436 0 0 0 0 0 0    0.672103  -0.0750016 -0.00943641 -9.98898e-05 -0.000109808 -0.000165818  0.0181463   0.132031 0.00438802 -0.059715 0.0383434  -9.80874 
             55.8091 0.261055 0.751177 -9.34664  30.6667  11.1899 0.137271 0 0 0 0 0 0   0.632088  -0.128949 -0.0151326 -0.000136086 -0.000105628 -0.000177962  0.0178136   0.134205 0.00417303 -0.0611348  0.0381328   -9.80874 
             55.9093 0.207304 0.657308  -9.8872  30.7305   11.183 0.145377 0 0 0 0 0 0  0.640609 -0.137315  0.028047 -0.000194439 -0.000130591   -0.0001842 0.0181777   0.13368 0.0032513 -0.0607734    0.03834   -9.80874 
             56.0095 0.0648198  0.610876  -10.4498  30.785 11.1735 0.13559 0 0 0 0 0 0    0.620577   -0.140962 -0.00632239 -0.000168537 -0.000125113   -0.0002062  0.0190789   0.133946 0.00448798 -0.0609341  0.0389737   -9.80873 
             56.1097 0.0232667   0.72311  -11.0681  30.8553  11.1514 0.120722 0 0 0 0 0 0   0.640115  -0.159177 -0.0730547 -0.000129638 -9.59212e-05 -0.000241839 0.0180629  0.133963 0.0059402 -0.0610062  0.0383313   -9.80874 
             56.2099 0.152821 0.838651  -11.908  30.9251  11.1328 0.121093 0 0 0 0 0 0   0.644119  -0.166306 -0.0368261 -0.000157473 -0.000106331 -0.000203221  0.0175076   0.133737 0.00526436 -0.0608831  0.0379312   -9.80874 
             56.3103 0.173111 0.818247 -12.6528   30.991  11.1058 0.134943 0 0 0 0 0 0  0.638758 -0.197457 0.0292881 -0.000154134  -0.00014112  -0.00021994  0.016876  0.134269 0.0035453 -0.0612708  0.0375132   -9.80874 
             56.4103 0.126275 0.731061 -13.4178 31.0563 11.0997 0.14222 0 0 0 0 0 0  0.641369 -0.166637 0.0283658 -0.000183043 -0.000135789 -0.000210984  0.0175768   0.133375 0.00302297 -0.0605936  0.0378833   -9.80874 
             56.5104 0.0992659  0.740367  -14.1793  31.0995  11.0974 0.137847 0 0 0 0 0 0   0.57646 -0.134255 0.0157912 -0.000212774 -0.000183565 -0.000206406   0.019597   0.133786 0.00389115 -0.0606367  0.0393227   -9.80873 
             56.6106 0.119769 0.723896 -15.0155  31.1638  11.0974 0.129412 0 0 0 0 0 0    0.584039   -0.110908 -0.00524731 -0.000257716 -0.000175074 -0.000186702   0.020027   0.132537 0.00499089 -0.0597391  0.0394607   -9.80874 
             56.7108 0.0673311  0.718406  -15.7888    31.22  11.0815 0.131674 0 0 0 0 0 0    0.574798   -0.131987 -0.00362403 -0.000200239 -0.000173499 -0.000219377  0.0198645   0.132983 0.00454953 -0.060065 0.0394139  -9.80874 
              56.811 0.137837 0.684108 -16.6147  31.2678  11.0546 0.134923 0 0 0 0 0 0   0.540432  -0.168569 0.00958835 -0.000194793 -0.000162897 -0.000228305  0.0194986   0.134549 0.00430117 -0.0611952  0.0394483   -9.80873 
             56.9129 0.114778 0.736632 -17.4614  31.3251  11.0358 0.142543 0 0 0 0 0 0  0.547545  -0.15947 0.0267838 -0.000133781 -0.000192971 -0.000212701  0.0192367    0.13454 0.00344675 -0.0612352  0.0392498   -9.80873 
             57.0115 0.202729 0.678515 -18.2641  31.3763  11.0212 0.143934 0 0 0 0 0 0  0.537303  -0.16168 0.0146565  -0.00018307 -0.000211338 -0.000226741  0.0195312   0.134672 0.00359017 -0.0612613  0.0394834   -9.80873 
             57.1117 0.183613 0.593133 -19.1555  31.4304  10.9967 0.141551 0 0 0 0 0 0   0.539492  -0.187754 0.00879611 -0.000187914 -0.000229567 -0.000190916    0.01891   0.135114 0.00407555 -0.0617118  0.0391761   -9.80873 
             57.2118 0.258637 0.500699 -19.9145  31.5062  10.9805 0.133431 0 0 0 0 0 0   0.597332  -0.197526 -0.0142521 -0.000253232 -0.000209221 -0.000215118 0.0178757  0.133062 0.0050048 -0.0605899  0.0379541   -9.80874 
              57.312 0.172556 0.497489 -20.6644  31.5741  10.9655 0.128813 0 0 0 0 0 0   0.620856  -0.179217 -0.0309063 -0.000249691 -0.000180597 -0.000235306  0.0177217   0.132093 0.00535056 -0.0599783  0.0375846   -9.80874 
             57.4122 0.126831 0.540748 -21.4476 31.6161 10.9511 0.12967 0 0 0 0 0 0   0.558829   -0.18286 -0.0160492 -0.000266299 -0.000179607  -0.00024833  0.0192248     0.1336 0.00493491 -0.0605498  0.0390443   -9.80874 
             57.5124 0.138471 0.529653  -22.273  31.6727  10.9191 0.131701 0 0 0 0 0 0    0.555699   -0.236947 -0.00174475 -0.000285932  -0.00020005  -0.00022963  0.0180384   0.134242 0.00445403 -0.0613509  0.0384397   -9.80873 
             57.6126 0.110365 0.539044 -23.1488  31.7193  10.9015 0.135165 0 0 0 0 0 0  0.523784 -0.238263 0.0169236 -0.000263237 -0.000216698 -0.000207435  0.0191333   0.134712 0.00418793 -0.061306 0.0393257  -9.80873 
             57.7128 0.135642 0.526858 -23.8803   31.775   10.882 0.131707 0 0 0 0 0 0   0.524218    -0.2381 0.00908538 -0.000224764 -0.000199423  -0.00018524    0.01939     0.1341 0.00474772 -0.0608111  0.0392933   -9.80873 
              57.813 0.183447 0.534714 -24.5264 31.8214  10.859 0.13844 0 0 0 0 0 0  0.517424 -0.239959 0.0201013 -0.000178679 -0.000191327 -0.000147997  0.0198445   0.134705 0.00409949 -0.0610484  0.0398042   -9.80873 
             57.9132 0.209352 0.509486 -25.0228  31.8821  10.8303 0.138609 0 0 0 0 0 0   0.535108  -0.229055 0.00534106  -0.00013899 -0.000154878  -0.00010329  0.0188755   0.134103 0.00433044 -0.0610136  0.0389429   -9.80873 
             58.0134 0.243605 0.601497 -25.3504 31.9278   10.81 0.13788 0 0 0 0 0 0  0.524638 -0.245968 0.0130626 -0.000157425 -0.000153241 -8.13955e-05  0.0196559   0.134821 0.00434134 -0.061183 0.0397326  -9.80873 
             58.1136 0.241364 0.546621 -25.6849  31.9722  10.8001 0.148788 0 0 0 0 0 0  0.521815 -0.219403 0.0468227 -0.000177335   -0.0001889 -3.96871e-05  0.0215759   0.135014 0.00350693 -0.0605527  0.0410476   -9.80873 
             58.2138 0.188844 0.490721 -25.7426  32.0331  10.7792 0.138394 0 0 0 0 0 0   0.535952  -0.209758 -0.0047875 -0.000140097 -0.000149251 -6.77211e-05  0.0212193   0.133967 0.00509386 -0.0600124  0.0404165   -9.80873 
              58.314 0.241283 0.516485 -25.9115  32.0981  10.7499 0.143538 0 0 0 0 0 0   0.60179  -0.22802 0.0143182 -0.000133958 -0.000214322 -2.06938e-05  0.0199288   0.133371 0.00438093 -0.0601559  0.0393286   -9.80874 
             58.4142 0.211975 0.333549 -25.9753  32.1521  10.7187 0.154632 0 0 0 0 0 0  0.630733 -0.244545 0.0508194 -0.000143499 -0.000200527 -5.34115e-05  0.0194925   0.134702 0.00342597 -0.0611965  0.0395814   -9.80873 
             58.5144 0.153578 0.406638 -26.0682  32.2184  10.6938 0.126865 0 0 0 0 0 0   0.632331  -0.244843 -0.0490921 -0.000225507 -0.000125198 -2.78275e-05  0.0192671   0.134522 0.00683132 -0.0611597  0.0394052   -9.80873 
             58.6146 -0.0573508   0.716514   -26.0467  32.2805  10.6603 0.105388 0 0 0 0 0 0   0.60551  -0.29639 -0.127039 -0.000298644 -0.000128786 -7.53206e-05  0.0184769   0.134852 0.00850102 -0.0616927  0.0390536   -9.80873 
             58.7165 -0.235354  0.769166  -26.0612 32.3375 10.6331 0.12331 0 0 0 0 0 0   0.605332  -0.315275 -0.0194187 -0.000262947  -0.00021853 -6.06926e-05  0.0190752   0.134956 0.00533771 -0.0615137  0.0394418   -9.80873 
             58.8149 -0.138196  0.588768  -26.0753  32.3931  10.6098 0.150054 0 0 0 0 0 0  0.593965 -0.280963 0.0778005 -0.000189157 -0.000283942 -5.95145e-05  0.0201015   0.134955 0.00230569 -0.0610809  0.0400599   -9.80873 
             58.9151 0.0267142  0.525863   -26.183  32.4575  10.5778 0.138156 0 0 0 0 0 0   0.610572  -0.268214 0.00699383 -0.000176063 -0.000225367 -6.81522e-05  0.0195199   0.134803 0.00445529 -0.0612323   0.039653   -9.80873 
             59.0153 0.0556708  0.614596  -26.1683   32.524  10.5597 0.118719 0 0 0 0 0 0   0.629146  -0.234326 -0.0554808 -0.000190511 -0.000168225 -5.35498e-05 0.0201667  0.133887 0.0066021 -0.0603915  0.0397209   -9.80873 
             59.1156 0.0589693  0.661189  -26.2458 32.5905 10.5264 0.12199 0 0 0 0 0 0   0.643899  -0.277335 -0.0456526 -0.000238197 -0.000183885 -4.84194e-05  0.0192215   0.133905 0.00566604 -0.060785 0.0391112  -9.80873 
             59.2157 -0.0662531   0.730193   -26.2948  32.6655  10.4914 0.125706 0 0 0 0 0 0   0.671076  -0.274126 -0.0368457 -0.000159781 -0.000188134 -3.36549e-05  0.0178994    0.13317 0.00468962 -0.0608515  0.0379552   -9.80874 
             59.3159 0.0246159  0.769737   -26.345  32.7233  10.4591 0.139981 0 0 0 0 0 0  0.660691 -0.270217 0.0255932 -0.000273676 -0.000315632 -6.25493e-05  0.0177827   0.134526 0.00269994 -0.0617571  0.0384001   -9.80873 
             59.4161 -0.121368  0.473224   -26.464  32.7927   10.438 0.145309 0 0 0 0 0 0  0.665386 -0.274532 0.0427174 -0.000314131  -0.00030434 -4.03216e-05  0.0183656   0.133772 0.00260338 -0.0610415  0.0384651   -9.80873 
             59.5173 -0.346044  0.420881   -26.405  32.8648  10.4025 0.119651 0 0 0 0 0 0   0.639453  -0.322421 -0.0541711 -0.000333038 -0.000239659 -3.32453e-05  0.0175309   0.133372 0.00567658 -0.0611362  0.0378143   -9.80874 
             59.6165 -0.487545  0.558655  -26.3381  32.9268  10.3734 0.105001 0 0 0 0 0 0  0.610899 -0.318023 -0.111058 -0.000171463 -0.000185125 -7.01657e-05  0.0179738   0.133171 0.00646766 -0.0608343  0.0380235   -9.80874 
             59.7167 -0.222272  0.691523  -26.3221  32.9762  10.3496 0.117144 0 0 0 0 0 0   0.591068  -0.274753 -0.0273003 -0.000143947 -0.000292722 -6.35434e-05  0.0192919   0.134234 0.00410379 -0.0609604  0.0392638   -9.80873 
             59.8169 0.00453486   0.527209   -26.3357  33.0311  10.3213 0.130111 0 0 0 0 0 0  0.591799 -0.256276 0.0238098  -0.00014493 -0.000265985 -7.39247e-05  0.0193435   0.134904 0.00237411 -0.0613509  0.0395485   -9.80873 
             59.9171 -0.00190862    0.483682     -26.385  33.0852  10.2928 0.133276 0 0 0 0 0 0  0.567176 -0.256912 0.0225299 -0.000168141 -0.000209405 -1.42849e-05  0.0191178   0.135617 0.00233274 -0.0618918  0.0396887   -9.80872 
             60.0173 -0.0934706   0.569858   -26.3332  33.1509  10.2673 0.127654 0 0 0 0 0 0   0.572925   -0.25174 0.00964746 -0.000213542 -0.000221271 -1.27131e-05  0.0186215   0.134484 0.00323161 -0.0613764   0.038935   -9.80873 
             60.1203 -0.215549  0.644605   -26.245 33.2149  10.228 0.12247 0 0 0 0 0 0   0.559147  -0.277735 -0.0383848 -0.000167929 -0.000211223 -1.96997e-05  0.0169394   0.134394 0.00372309 -0.0619871  0.0378412   -9.80873 
             60.2177 -0.125706  0.707447  -26.1777   33.261  10.2116 0.120359 0 0 0 0 0 0   0.519474  -0.242605 -0.0304713 -0.000168542 -0.000247014 -6.40567e-06  0.0184373    0.13463 0.00353656 -0.0615454  0.0388783   -9.80873 
             60.3179 -0.0378063   0.624663   -26.0747    33.32  10.1836 0.129269 0 0 0 0 0 0    0.52813  -0.241058 0.00763326 -0.000170646 -0.000258597 -2.49467e-05   0.017684   0.134147 0.00233939 -0.0615295  0.0381994   -9.80873 
             60.4181 -0.0452322   0.566864   -26.0224  33.3686  10.1467 0.124153 0 0 0 0 0 0   0.491448   -0.26746 -0.0204886 -0.000162816 -0.000207192  -4.6677e-06  0.0165155   0.135167 0.00285983 -0.0626303  0.0378641   -9.80873 
             60.5184 -0.0831247   0.581026   -25.8747  33.4261  10.1338 0.128962 0 0 0 0 0 0     0.51433   -0.233474 -0.00386947 -0.000145967 -0.000244947  1.15053e-05  0.0175585    0.13361 0.00212771 -0.0612424  0.0379136   -9.80874 
             60.6185 -0.0364212   0.478473   -25.6419   33.473  10.1072 0.133835 0 0 0 0 0 0   0.50175 -0.239202 0.0316928 -0.000142372  -0.00024726  3.35702e-05  0.0174181   0.134298 0.00168338 -0.0617282  0.0380816   -9.80873 
             60.7187 -0.0377967   0.450926   -25.3233  33.5141  10.0933 0.130161 0 0 0 0 0 0   0.470255  -0.198916 0.00583503 -0.000129568 -0.000213984  6.60908e-05  0.0186724   0.134705 0.00230312 -0.0615129  0.0390337   -9.80873 
             60.8189 -0.0495238   0.475669    -24.822  33.5514  10.0772 0.133343 0 0 0 0 0 0   0.444592  -0.183064 0.00822298 -0.000133085 -0.000234213  8.46954e-05  0.0194436   0.135478 0.00199735 -0.0617118  0.0398036   -9.80873 
             60.9191 -0.0650112   0.446256   -24.2465  33.6078  10.0589 0.131767 0 0 0 0 0 0  0.468903 -0.188464 -0.013212 -0.000159868 -0.000231811  0.000127037  0.0188585   0.134217 0.00219587 -0.0611311  0.0389774   -9.80873 
             61.0193 -0.104916   0.39775  -23.4916  33.6486  10.0581 0.129799 0 0 0 0 0 0   0.455758  -0.139564 0.00722602 -0.000146684  -0.00026241  0.000171692  0.0208078   0.133873 0.00238706 -0.0602194  0.0400909   -9.80873 
             61.1198 -0.086458  0.261782  -22.5898  33.7058  10.0575 0.133733 0 0 0 0 0 0   0.489451 -0.0754188  0.0150016 -0.000137528 -0.000241102  0.000174227  0.0213332   0.132199 0.00204879 -0.0589795  0.0398504   -9.80874 
             61.2197 -0.0759079   0.284922   -21.6712  33.7489  10.0399 0.125338 0 0 0 0 0 0   0.482968  -0.109191 -0.0164651 -0.000146086 -0.000224444  0.000175161  0.0207132   0.133348 0.00305245 -0.0599135  0.0398368   -9.80874 
             61.3199 -0.195074  0.255789  -20.7666  33.7985  10.0222 0.121551 0 0 0 0 0 0   0.474606  -0.137509 -0.0186723 -0.000109178 -0.000166581  0.000159471  0.0200562   0.133499 0.00340534 -0.0602146  0.0394676   -9.80874 
               61.42 -0.16517 0.411388 -19.8393  33.8509  9.98821 0.120438 0 0 0 0 0 0  0.482025  -0.17959 -0.013735  -4.6738e-05 -0.000179389  0.000138955  0.0179735   0.134186 0.00320526 -0.0612552  0.0383366   -9.80873 
             61.5204 -0.0661935   0.405158   -18.9089 33.8989 9.96839 0.12856 0 0 0 0 0 0  0.492653 -0.166084 0.0145091  8.30763e-07 -0.000211085  0.000146349  0.0177663   0.134436 0.00219764 -0.061467 0.0382654  -9.80873 
             61.6204 0.0417753  0.339288  -17.9311   33.974  9.92505 0.129942 0 0 0 0 0 0   0.566525  -0.224188 0.00908167  1.01241e-05 -0.000136276  0.000123992  0.0142162   0.133911 0.00218382 -0.0620074   0.035881   -9.80874 
             61.7209 0.0974554  0.459299  -17.0231  34.0309  9.90857 0.126725 0 0 0 0 0 0    0.575374   -0.195494 -0.00607082  2.07567e-06 -0.000137799  0.000124307  0.0146062   0.133612 0.00258442 -0.0617334  0.0360674   -9.80874 
             61.8209 -0.0312172   0.447609   -15.9661  34.0872  9.88994 0.133925 0 0 0 0 0 0  0.578705 -0.190595 0.0168776  4.64059e-05 -0.000131204  0.000110881  0.0147283   0.133728 0.00182644 -0.0617814  0.0361585   -9.80874 
              61.921 -0.0763678   0.449973   -14.9077  34.1415  9.87387 0.140521 0 0 0 0 0 0  0.579311 -0.176432 0.0362041  4.97299e-05 -0.000118249  9.13553e-05  0.0151803   0.133853 0.00141238 -0.0617871   0.036455   -9.80874 
             62.0212 -0.050384  0.504811  -13.8664  34.2006  9.88769 0.135296 0 0 0 0 0 0    0.59914 -0.0726593  0.0187824    9.017e-05 -9.85243e-05  0.000113089  0.0170518    0.13204 0.00236721 -0.0604365  0.0374018   -9.80874 
             62.1214 -0.0498116   0.613582   -12.7423  34.2331  9.86456 0.126794 0 0 0 0 0 0   0.518441 -0.0896884  -0.021918  3.32805e-05 -4.56881e-05  9.06288e-05  0.0176653   0.134871 0.00347661 -0.062102 0.0380235  -9.80873 
             62.2216 -0.115082  0.735984  -11.7618  34.2738   9.8629 0.122809 0 0 0 0 0 0   0.485552 -0.0849566 -0.0579727 1.30272e-05   7.897e-06 7.30367e-05   0.018756   0.135002 0.00345491 -0.0621189  0.0386796   -9.80873 
             62.3218 -0.263128  0.836154  -10.6788  34.3307  9.87487 0.131742 0 0 0 0 0 0   0.534541 -0.0262909  0.0239811 1.96755e-05 -7.9787e-05 0.000136852  0.0193827   0.133323 0.00206952 -0.0611188  0.0390045   -9.80873 
             62.4223 -0.250563  0.604008   -9.5374  34.3796  9.85468 0.132166 0 0 0 0 0 0   0.549047 -0.0751178  0.0246582  1.39499e-05 -6.24275e-05  8.44137e-05  0.0189332   0.134771 0.00227762 -0.0619248  0.0387228   -9.80873 
             62.5246 -0.202667  0.618659  -8.63482  34.4316  9.84374 0.114686 0 0 0 0 0 0   0.549745 -0.0538892 -0.0630634  7.4124e-05 1.52438e-05 5.66944e-05  0.0189518   0.135298 0.00457425 -0.0622523  0.0387209   -9.80873 
             62.6224 -0.12554 0.741232 -7.80084   34.49 9.84167 0.11498 0 0 0 0 0 0   0.582319  -0.025445 -0.0277811   7.5352e-05 -3.47132e-05  4.46869e-05  0.0188165   0.134972 0.00381377 -0.0620575  0.0386752   -9.80873 
             62.7226 -0.146108  0.626889  -7.13617   34.546  9.82337 0.126359 0 0 0 0 0 0   0.600548 -0.0602506  0.0143601  7.07812e-05 -3.59877e-05  1.20141e-05  0.0184324    0.13632 0.00213251 -0.062648 0.0383107  -9.80873 
             62.8228 -0.187246  0.577699  -6.73219  34.5986  9.81748 0.129311 0 0 0 0 0 0    0.58686 -0.0441835   0.026481  6.77498e-05  8.17112e-06 -5.67658e-05  0.0189571   0.136638 0.00214758 -0.0628744  0.0385096   -9.80872 
              62.923 -0.189061  0.634308  -6.65159  34.6601  9.78674 0.120201 0 0 0 0 0 0    0.598073   -0.106953 -0.00266187  5.91943e-05  1.35135e-06 -7.19509e-05  0.0178057   0.138446 0.00344237 -0.0635159  0.0376964   -9.80872 
             63.0234 -0.223373  0.664982  -6.84582   34.704  9.77964 0.124413 0 0 0 0 0 0    0.565624   -0.102505 -0.00210932  3.69853e-05 -1.79643e-05 -0.000118459  0.0191917   0.138808 0.00277974 -0.0639133  0.0382241   -9.80872 
             63.1234 -0.325064  0.647747  -7.14785 34.7742 9.77151  0.1246 0 0 0 0 0 0   0.606103 -0.0945799 0.00773534  2.65532e-05 -2.50758e-05 -0.000143884  0.0182351    0.13822 0.00303176 -0.063488 0.0379344  -9.80872 
             63.2241 -0.38507 0.680122 -7.56474  34.8425  9.75453 0.113428 0 0 0 0 0 0   0.62501 -0.126612 -0.021221 -3.79076e-05 -1.48786e-05 -0.000161125   0.017446   0.138456 0.00440842 -0.0634615  0.0375602   -9.80872 
             63.3238 -0.551161  0.717608  -7.96333  34.9271  9.73999 0.117918 0 0 0 0 0 0   0.698891  -0.143316 -0.0056866  6.96481e-06 -3.03045e-05 -0.000168204  0.0157616   0.137814 0.00351864 -0.0628592  0.0369668   -9.80873 
              63.424 -0.513494  0.645941  -8.46391 34.9824 9.72017 0.11416 0 0 0 0 0 0   0.655522  -0.164326 -0.0167843 -2.43536e-05  3.67168e-07 -0.000195537  0.0166355   0.138666 0.00399521 -0.0633917  0.0371927   -9.80872 
             63.5241 -0.508306  0.669763  -8.99737  35.0591   9.7046 0.106542 0 0 0 0 0 0   0.695195  -0.154009 -0.0421066 -1.61539e-05  8.78081e-06 -0.000193663  0.0158802   0.138172 0.00459783 -0.0630623   0.036936   -9.80873 
             63.6244 -0.505273  0.717959  -9.57091    35.13  9.70747 0.110608 0 0 0 0 0 0    0.706778  -0.0934607 -0.00896144 -3.11738e-05 -2.79633e-07 -0.000197035 0.0164983  0.136881 0.0036759 -0.0625472  0.0374142   -9.80873 
             63.7246 -0.564773  0.764539  -10.1121  35.2125  9.69617 0.109629 0 0 0 0 0 0   0.730299  -0.129821 -0.0185462 -5.71155e-05  2.14904e-05 -0.000226768  0.0155696   0.136501 0.00363733 -0.0622458  0.0370264   -9.80873 
             63.8248 -0.741036  0.817562  -10.7062  35.2847  9.68639 0.110114 0 0 0 0 0 0   0.732486  -0.131124 -0.0129082 -3.71452e-05 -1.40604e-05 -0.000224435 0.0157465  0.136405 0.0033408 -0.0622126  0.0371241   -9.80873 
              63.925 -0.823127  0.722061  -11.3339  35.3319  9.67087 0.118411 0 0 0 0 0 0  0.652639 -0.142806 0.0405803  -2.7008e-05 -1.80044e-05 -0.000241402   0.017526   0.137676 0.00244175 -0.0629878  0.0378886   -9.80872 
             64.0253 -0.805176  0.787941  -11.9471  35.4058  9.66086 0.112723 0 0 0 0 0 0   0.659257  -0.134839 -0.0265721 -2.28795e-05  1.53578e-06  -0.00021826  0.0171371   0.136955 0.00330924 -0.0626177  0.0377413   -9.80873 
             64.1261 -0.761123  0.911563  -12.5115   35.4824   9.66395 0.0999717 0 0 0 0 0 0   0.701215 -0.0803371 -0.0676021 -3.32101e-05 -1.00797e-05 -0.000200736 0.0171847   0.13541  0.004353 -0.0618554  0.0378485   -9.80873 
             64.2255  -0.7396 0.809334 -12.9237  35.5643  9.63027 0.104699 0 0 0 0 0 0   0.743713  -0.168737 -0.0184238 -7.06451e-05 -2.80866e-05 -0.000203294   0.015345    0.13646 0.00319628 -0.0622952  0.0368419   -9.80873 
             64.3257 -0.782344  0.851305  -13.2323   35.653  9.61204 0.101797 0 0 0 0 0 0   0.776483  -0.186671 -0.0401512 -8.35825e-05  1.56036e-05 -0.000110621  0.0143287   0.135718 0.00314727 -0.0618719  0.0363141   -9.80874 
              64.426 -0.848845  0.928969   -13.253  35.7338   9.6032 0.104687 0 0 0 0 0 0    0.786661   -0.162354 -0.00124347 -8.88737e-05 -2.16345e-05 -7.82504e-05  0.0146189   0.134883 0.00248474 -0.0614029  0.0364818   -9.80874 
             64.5261 -0.947716  0.802492  -12.9793  35.8165  9.61037 0.118188 0 0 0 0 0 0  0.794549 -0.113144 0.0673249 -8.31639e-05 -5.38464e-05 -3.11889e-06  0.0156999   0.133146 0.00100254 -0.0604092  0.0370768   -9.80874 
             64.6263 -0.932554  0.788755  -12.5164  35.9028  9.58877 0.112192 0 0 0 0 0 0    0.824248   -0.137489 -0.00751897 -9.71609e-05 -6.38215e-06  1.64722e-05  0.0146679   0.133471 0.00231156 -0.0606329   0.036508   -9.80874 
             64.7265 -0.955199  0.820259  -11.9099  35.9873  9.57468 0.101592 0 0 0 0 0 0   0.832099  -0.140668 -0.0251778 -5.82973e-05  1.85985e-05  5.21156e-05  0.0144749   0.133327 0.00352104 -0.0605955  0.0363951   -9.80875 
             64.8267 -0.848295  0.798283  -11.1183  36.0554  9.57254 0.106365 0 0 0 0 0 0    0.811579    -0.10378 -0.00474005  -6.1224e-05 -2.76581e-05  6.63499e-05  0.0161873   0.133459 0.00264969 -0.0606556  0.0373174   -9.80874 
             64.9269 -0.813202   0.76616  -10.2851  36.1299  9.56258 0.104075 0 0 0 0 0 0   0.799518 -0.0841351 -0.0087002 -4.19406e-05  3.72775e-06  8.59653e-05   0.016644   0.133903 0.00292755 -0.0609111  0.0375414   -9.80874 
             65.0271 -0.849793   0.86413  -9.37506  36.2097  9.56025 0.102098 0 0 0 0 0 0   0.793912 -0.0652173 -0.0249403 -2.03475e-05  7.23465e-06  7.97973e-05  0.0168833   0.133555 0.00304149 -0.0607489  0.0376802   -9.80874 
             65.1273 -0.874015  0.894461  -8.47588  36.2698  9.54609 0.107046 0 0 0 0 0 0  0.758911 -0.087392 0.0189597 -4.58516e-05 -3.56756e-05  9.05483e-05  0.0179967   0.135032 0.00224052 -0.0615376  0.0381207   -9.80873 
             65.2283 -0.878256  0.801087  -7.45864   36.335  9.54564 0.107157 0 0 0 0 0 0    0.728416   -0.063977 -0.00119852 -4.42341e-05  2.03528e-05  0.000116175  0.0191515   0.134909 0.00246421 -0.0616073  0.0386706   -9.80873 
             65.3277 -0.88751 0.912605 -6.44172   36.4155   9.53766 0.0925951 0 0 0 0 0 0   0.731901 -0.0379377 -0.0600922 1.08119e-05  5.0687e-05  0.00011131  0.0183859   0.134688 0.00405746 -0.0614615  0.0383411   -9.80873 
             65.4279 -0.863905   1.00629  -5.37275  36.5016   9.5115 0.102621 0 0 0 0 0 0   0.784153 -0.0881974   0.007759 -9.09211e-06 -6.60628e-05  0.000119529   0.016889   0.135942 0.00217335 -0.0616753  0.0375499   -9.80873 
             65.5281 -0.77283 0.820979  -4.2707  36.5693  9.51303 0.113986 0 0 0 0 0 0   0.760786 -0.0509044  0.0470464 -3.74909e-05 -2.82908e-05  0.000130596  0.0180434    0.13567 0.00123877 -0.0617569  0.0380503   -9.80873 
             65.6283 -0.769997  0.817971  -3.20064  36.6292  9.52546 0.101833 0 0 0 0 0 0   0.705982 0.00386447 -0.0221891 -8.15477e-06  5.12199e-05  0.000146507  0.0196592   0.134843 0.00316437 -0.0618883  0.0387427   -9.80873 
             65.7285 -0.744148  0.899992  -1.98171   36.731  9.52621 0.094102 0 0 0 0 0 0   0.80688 0.0167682 -0.022324 1.53219e-05 2.02475e-05 0.000101433  0.0174761   0.134166 0.00388228 -0.0611826  0.0382523   -9.80873 
             65.8287 -0.657302   0.84936 -0.907174   36.8027    9.5302 0.0944955 0 0 0 0 0 0   0.789499  0.0390746 -0.0305686 4.10438e-06 6.38404e-05 0.000139058  0.0182264   0.134286 0.00351258 -0.0613995  0.0384136   -9.80873 
             65.9289 -0.620173  0.917518   0.25827   36.8808   9.52689 0.0869216 0 0 0 0 0 0   0.791932  0.0227971 -0.0511482 3.69249e-05 8.60287e-05 0.000148234  0.0181137   0.134781 0.00402648 -0.0614815  0.0382408   -9.80873 
             66.0291 -0.572997  0.900154    1.4894  36.9511  9.53336 0.101898 0 0 0 0 0 0  0.775873 0.0585321 0.0458793   8.207e-05 6.62968e-06 0.000161455  0.0188844    0.13469 0.00190476 -0.0616363  0.0384211   -9.80873 
             66.1293 -0.518416  0.851139   2.75181   37.0471   9.52641 0.0977948 0 0 0 0 0 0  0.829395 0.0437481 0.0159586 0.000112046 6.20902e-05 0.000146058  0.0174485   0.135565 0.00272357 -0.0613007  0.0380034   -9.80873 
             66.2294 -0.440001  0.956345   3.93483   37.1448    9.5253 0.0884768 0 0 0 0 0 0   0.86062 0.0339916 -0.043668 0.000114139 9.79138e-05 0.000145217  0.0163492   0.135992 0.00389358 -0.0610044  0.0378133   -9.80874 
             66.3296 -0.430582  0.961245   5.08472   37.2158   9.53264 0.0953892 0 0 0 0 0 0    0.826144   0.0535441 -0.00545964 0.000129092 2.29452e-05 0.000115624  0.0175681   0.135769 0.00275353 -0.0613563  0.0378693   -9.80874 
             66.4298 -0.350761  0.797854   6.17959   37.2822   9.53227 0.0945925 0 0 0 0 0 0   0.773778  0.0536053 -0.0046555  0.00014142 5.12195e-05 9.82551e-05   0.018848   0.136175 0.00286117 -0.0617058  0.0376325   -9.80873 
               66.53  -0.2063 0.719622  7.17423   37.3706   9.53292 0.0886538 0 0 0 0 0 0    0.82574  0.0532743 -0.0322991 0.000156041 8.95819e-05 8.65961e-05 0.0181746  0.136741 0.0034444 -0.0614447  0.0375553   -9.80874 
             66.6303 -0.0943341   0.693389    8.15223    37.433   9.56462 0.0849362 0 0 0 0 0 0  0.757605  0.173913 -0.016243 0.000127634 5.94292e-05 7.80971e-05 0.0191881  0.134646 0.0037474 -0.0621326  0.0379228   -9.80873 
             66.7304 -0.038441  0.703078   8.96182   37.5062   9.56847 0.0877083 0 0 0 0 0 0   0.744299   0.175976 -0.0103524 0.000145979 7.10111e-05 4.73827e-05  0.0197409   0.135788 0.00310855 -0.0619859  0.0375093   -9.80873 
             66.8306 -0.0760305   0.773892      9.306   37.5579   9.57702 0.0878037 0 0 0 0 0 0  0.678585  0.163049 0.0192851  0.000158022  1.72254e-05 -0.000141184  0.0216804    0.13603 0.00312091 -0.0623643   0.036924   -9.80873 
             66.9308 -0.136493  0.778642   8.93107  37.6119  9.56829 0.102241 0 0 0 0 0 0  0.633423  0.087191 0.0703903  0.000196929  -4.1712e-05 -0.000214651  0.0234604   0.137576 0.00175068 -0.0622553  0.0360663   -9.80874 
              67.031 -0.210228  0.808441   8.22956   37.6719    9.5707 0.0951233 0 0 0 0 0 0   0.611283  0.0585133 0.00697411  0.000202254 -9.68295e-06 -0.000248076  0.0238073   0.137956 0.00323259 -0.0622309   0.035871   -9.80874 
             67.1312 -0.200992  0.919291    7.3302   37.7511   9.57444 0.0876966 0 0 0 0 0 0   0.653927  0.0529002 -0.0147389  0.000210111 -2.93325e-05 -0.000315293  0.0224741   0.138603 0.00425176 -0.061775 0.0361445  -9.80874 
             67.2314 -0.0650856   0.900301    5.99129   37.8107   9.59626 0.0919794 0 0 0 0 0 0  0.629444  0.120406 0.0105721  0.000214686 -9.58325e-05 -0.000345999   0.022456   0.137305 0.00363069 -0.0621403  0.0364331   -9.80874 
             67.3316 -0.0465969   0.813679    4.41235  37.8919  9.57429 0.100346 0 0 0 0 0 0   0.669925 0.00226905  0.0376248  0.000112842 -0.000107044 -0.000367049  0.0219199   0.140138 0.00289534 -0.0612676  0.0359251   -9.80874 
             67.4318 -0.152829  0.797452   2.81717  37.9668  9.56774 0.109996 0 0 0 0 0 0   0.680626 -0.0407166  0.0708478  3.69377e-05 -0.000114138 -0.000403272   0.021447   0.140756 0.00233332 -0.0610061  0.0358741   -9.80874 
             67.5323 -0.354311  0.757146   1.16436 38.0539    9.57 0.11239 0 0 0 0 0 0   0.720915 -0.0739407  0.0549042  2.09943e-05 -0.000133781 -0.000397465  0.0199175   0.140344 0.00291208 -0.0606477  0.0362134   -9.80875 
             67.6322 -0.422788  0.747082 -0.436022   38.1388   9.57231 0.0878643 0 0 0 0 0 0   0.727926 -0.0540616 -0.0674435  -2.3392e-06 -6.45472e-05 -0.000401058  0.0187705   0.139708 0.00598178 -0.0604138  0.0364594   -9.80875 
             67.7324 -0.349359  0.847015  -2.04433   38.2376   9.58463 0.0735363 0 0 0 0 0 0   0.791407 0.00300637   -0.10179 -3.17738e-05 -3.74263e-05 -0.000388298  0.0169433   0.138516 0.00672893 -0.0598744  0.0367935   -9.80875 
             67.8326 -0.218828  0.787479  -3.62277   38.3371   9.57712 0.0763897 0 0 0 0 0 0   0.840693  -0.026491 -0.0481021 -5.13786e-05 -9.31557e-06 -0.000401153  0.0155494   0.138967 0.00532155 -0.0594792   0.036561   -9.80875 
              67.933 -0.241597  0.733045  -5.24043    38.405    9.5914 0.0835266 0 0 0 0 0 0  0.772935 0.0180376 -0.014645 -9.30097e-05 -1.28907e-05  -0.00037293  0.0168497   0.137898 0.00388116 -0.0596268  0.0370653   -9.80875 
              68.033 -0.304391  0.791548  -6.76472    38.472   9.59995 0.0852769 0 0 0 0 0 0    0.716961   0.0120509 -0.00638219 -0.000149738 -3.52589e-05 -0.000345137  0.0176334   0.137426 0.00364461 -0.0597089    0.03736   -9.80875 
             68.1332 -0.362385  0.849456  -8.17766    38.533   9.60358 0.0841253 0 0 0 0 0 0     0.640372   -0.0158676 -0.000980415 -0.000167531 -7.42671e-05 -0.000336138  0.0183888    0.13724 0.00375891 -0.0598232  0.0376159   -9.80875 
             68.2334 -0.362534  0.918109   -9.3474   38.6148   9.58666 0.0702865 0 0 0 0 0 0   0.657624 -0.0736268 -0.0634711 -0.000131546 -4.74651e-05  -0.00026344  0.0164926   0.137777 0.00531614 -0.0596928  0.0368763   -9.80875 
             68.3337 -0.305478  0.961184  -10.1435   38.6893    9.5734 0.0682842 0 0 0 0 0 0   0.647876 -0.0843561 -0.0459602 -0.000132979 -2.09558e-05 -0.000198988  0.0155034   0.137903 0.00489856 -0.0595877  0.0364774   -9.80875 
             68.4337 -0.267991   1.05308  -10.7101    38.748   9.56658 0.0797094 0 0 0 0 0 0  0.596769 -0.079787 0.0163942 -0.000155326 -4.87615e-05 -0.000141263  0.0159543   0.137959 0.00293802 -0.0596157  0.0366477   -9.80875 
              68.534 -0.275835   1.13765  -11.0881   38.8056   9.55796 0.0915624 0 0 0 0 0 0   0.556624 -0.0796966  0.0495684 -0.000170565 -0.000101073 -0.000107367   0.015989   0.138026 0.00162906 -0.0596155  0.0366463   -9.80875 
             68.6341 -0.299194   1.09787  -11.3484   38.8521   9.54906 0.0929235 0 0 0 0 0 0   0.499194 -0.0889334  0.0430952 -0.000163334 -0.000106965 -9.17381e-05  0.0165432    0.13842 0.00213266 -0.0598446  0.0368797   -9.80875 
             68.7344 -0.273453   1.05381  -11.5947   38.8774   9.55369 0.0845989 0 0 0 0 0 0    0.400425  -0.0407696 -0.00653217  -0.00015682 -6.49403e-05 -8.50982e-05  0.0188896   0.138493 0.00369497 -0.0600351  0.0379915   -9.80874 
             68.8345 -0.22197   1.0809 -11.7691   38.9228   9.54457 0.0765933 0 0 0 0 0 0   0.414529 -0.0468605 -0.0354566 -0.000150063 -8.18788e-05 -7.89956e-05  0.0181641   0.138648 0.00460484 -0.0601039   0.037654   -9.80874 
             68.9348 -0.224969   1.03425  -11.9737   38.9625   9.53373 0.0871847 0 0 0 0 0 0   0.419074 -0.0588663  0.0232646 -0.000161343 -0.000101584 -7.77888e-05  0.0181142   0.139276 0.00302416 -0.0603628  0.0375881   -9.80874 
             69.0349 -0.285562    1.0087  -12.1209   39.0045   9.53495 0.0910106 0 0 0 0 0 0  0.424172 -0.047992 0.0292968 -0.000178706 -7.74231e-05 -7.32691e-05  0.0185361   0.138733 0.00287732 -0.0601097  0.0378029   -9.80874 
             69.1351 -0.343468   1.00537  -12.2998  39.0461  9.52496 0.086079 0 0 0 0 0 0   0.437075 -0.0746975 0.00302838 -0.000168356 -8.91056e-05 -7.65284e-05 0.0184168  0.139124 0.0037437 -0.0603156  0.0377481   -9.80874 
             69.2353 -0.343952  0.930878  -12.4362    39.089   9.51994 0.0823934 0 0 0 0 0 0   0.444862 -0.0758432 -0.0225151 -0.00015104 -9.3626e-05  -8.941e-05  0.0186568   0.139002 0.00417011 -0.0602703  0.0378713   -9.80874 
             69.3355 -0.290875  0.907759   -12.647   39.1239   9.50522 0.0767339 0 0 0 0 0 0   0.429292 -0.0946244 -0.0235945 -0.000121918  -9.5131e-05 -8.35879e-05  0.0190133   0.140096 0.00461755 -0.0608159  0.0380332   -9.80874 
             69.4357 -0.249526  0.822084   -12.799   39.1654    9.4945 0.0809258 0 0 0 0 0 0    0.448161   -0.102443 0.000380182 -0.000107745 -0.000112523 -0.000100177   0.019202   0.140356 0.00386346 -0.0609286   0.038115   -9.80874 
             69.5359 -0.208929  0.787312   -13.057   39.201  9.48736 0.081964 0 0 0 0 0 0    0.430507   -0.084502 -0.00493204 -0.000123274 -6.60982e-05 -6.01466e-05  0.0200797   0.140685 0.00369484 -0.0610905  0.0385394   -9.80873 
             69.6361 -0.219943  0.862612  -13.1653   39.2402   9.48272 0.0816621 0 0 0 0 0 0   0.419893 -0.0860388  -0.011589 -0.000144764 -7.24778e-05 -8.91002e-05   0.020625   0.140563 0.00369848 -0.0610313  0.0388064   -9.80873 
             69.7363 -0.237283  0.846678  -13.3395   39.2982   9.46778 0.0799223 0 0 0 0 0 0    0.457974   -0.105075 -0.00699063 -0.000147717 -9.02675e-05 -8.78013e-05  0.0190716    0.14016 0.00375843 -0.0608404  0.0380427   -9.80874 
             69.8365 -0.230642    0.8758  -13.5083  39.3424  9.46037 0.076099 0 0 0 0 0 0   0.448445 -0.0908929 -0.0258945 -0.000129987 -8.17444e-05 -8.03901e-05  0.0193232   0.139995 0.00412959 -0.0607629   0.038169   -9.80874 
             69.9367 -0.208731  0.914594  -13.6678   39.3872   9.44335 0.0746245 0 0 0 0 0 0   0.440039  -0.105462 -0.0163724 -0.000136008 -9.90118e-05 -7.15387e-05 0.0188282  0.140602 0.0039849 -0.0610674  0.0379307   -9.80874 
             70.0369 -0.208102  0.885206  -13.7783   39.4373   9.43236 0.0785467 0 0 0 0 0 0    0.452129   -0.107384 -0.00084851 -0.000166665 -0.000102027  -6.8479e-05  0.0183746   0.140328 0.00332635 -0.0609288  0.0376938   -9.80874 
             70.1371 -0.260408   0.89768  -13.9062   39.4844   9.42928 0.0782578 0 0 0 0 0 0    0.448659  -0.0808997 -0.00190797 -0.000169156 -8.98691e-05 -6.38445e-05  0.0186129   0.139633 0.00334672 -0.0605784  0.0377977   -9.80874 
             70.2373 -0.297748  0.917758    -14.03   39.5288   9.42588 0.0770895 0 0 0 0 0 0     0.449457    -0.080472 -0.000303473 -0.000164887  -0.00012018 -6.86234e-05 0.0189592  0.139254 0.0034845 -0.0603837  0.0379622   -9.80874 
             70.3375 -0.285262  0.881068   -14.136   39.5728   9.41014 0.0750021 0 0 0 0 0 0    0.451647    -0.11587 -0.00346301 -0.000150202 -0.000105461 -5.76459e-05  0.0186591   0.139881 0.00374537 -0.0607088  0.0378329   -9.80874 
             70.4377 -0.204257  0.908158  -14.2274  39.6089  9.39667 0.065326 0 0 0 0 0 0   0.426003  -0.107814 -0.0407983 -0.000123762 -8.24568e-05 -7.29216e-05  0.0191782   0.140591 0.00492757 -0.0610675  0.0381261   -9.80874 
             70.5379 -0.117178  0.965454  -14.3804   39.6467    9.3872 0.0621633 0 0 0 0 0 0   0.402784 -0.0858323 -0.0315822 -0.000112565  -8.5667e-05 -7.48267e-05  0.0195656   0.140835 0.00487265 -0.0611756  0.0383268   -9.80873 
             70.6381 -0.0617393    1.06905   -14.5018    39.681   9.38209 0.0728288 0 0 0 0 0 0   0.392295 -0.0687095  0.0268619 -0.000153871 -0.000102291 -7.48661e-05 0.0202913  0.141015 0.0031908 -0.0612123  0.0386725   -9.80873 
             70.7383 -0.152444   1.09858  -14.5956   39.7356   9.36113 0.0834928 0 0 0 0 0 0  0.447953 -0.133101 0.0468631 -0.000167247 -0.000111604 -7.84383e-05  0.0185301   0.141136 0.00217235 -0.0613247  0.0377808   -9.80874 
             70.8385 -0.26014  1.00748 -14.7102   39.7753   9.35102 0.0802378 0 0 0 0 0 0  0.445227 -0.129969 0.0210818 -0.000141575 -0.000101168 -7.20995e-05  0.0191153   0.141189 0.00315991 -0.0613439  0.0380926   -9.80873 
             70.9386 -0.220366  0.981259  -14.8162   39.8305   9.33183 0.0694577 0 0 0 0 0 0   0.490844   -0.14689 -0.0320238 -0.000121964 -8.08914e-05 -6.74139e-05  0.0180231   0.141022 0.00458279 -0.0613345  0.0375624   -9.80874 
             71.0388 -0.136599  0.970007  -14.9348   39.8734   9.32717 0.0642382 0 0 0 0 0 0   0.475473  -0.101744 -0.0312494 -0.000132739 -8.40814e-05  -6.9101e-05  0.0189646   0.140733 0.00488709 -0.0611514  0.0380247   -9.80874 
              71.139 -0.102419  0.991242  -15.0657    39.914   9.32769 0.0673794 0 0 0 0 0 0   0.452363 -0.0544464 -0.0112915 -0.000168233 -0.000108511 -7.26031e-05  0.0199997   0.140469 0.00416683 -0.0609564  0.0385191   -9.80873 
             71.2392 -0.14873 0.986917 -15.1768   39.9757   9.30902 0.0743032 0 0 0 0 0 0  0.487127 -0.105092 0.0202974 -0.000195941 -8.60372e-05 -8.02618e-05  0.0180892    0.14037 0.00322556 -0.0609906  0.0375429   -9.80874 
             71.3395 -0.247128  0.973126  -15.3169   40.0217   9.30132 0.0735776 0 0 0 0 0 0  0.469465 -0.105563 0.0023716 -0.000197585 -9.93374e-05 -7.29407e-05 0.0184432  0.140254 0.0035408 -0.0609183  0.0377188   -9.80874 
             71.4396 -0.265991  0.946687  -15.4596  40.0616  9.28983 0.073094 0 0 0 0 0 0   0.444678  -0.104398 0.00162412 -0.000167847 -0.000126973 -7.24789e-05  0.0188746   0.140745 0.00373623 -0.061143 0.0379657  -9.80874 
             71.5398 -0.214313  0.863161  -15.6467   40.0929   9.27658 0.0721521 0 0 0 0 0 0  0.412689 -0.111387 0.0005265 -0.000164825 -0.000141465 -5.49917e-05 0.0197528  0.141827 0.0039226 -0.0616365  0.0384736   -9.80873 
               71.64 -0.199027  0.787056  -15.7183    40.147   9.26344 0.0702235 0 0 0 0 0 0    0.453364   -0.113532 -0.00294931 -0.000143717 -0.000104609 -7.62775e-05  0.0187164   0.141187 0.00421598 -0.061385 0.0379159  -9.80873 
             71.7404 -0.182954  0.793932  -15.8506  40.2001  9.24947 0.068581 0 0 0 0 0 0   0.469153  -0.119132 -0.0102846 -0.000147079 -8.27882e-05 -7.86725e-05  0.0179734   0.140879 0.00436852 -0.0612816  0.0375232   -9.80874 
             71.8404 -0.171552  0.825711  -15.9712   40.2383   9.22635 0.0655406 0 0 0 0 0 0   0.437913  -0.155685 -0.0197512 -0.000149499 -0.000100248 -7.96008e-05   0.017874   0.142279 0.00463563 -0.061997 0.0375732  -9.80873 
             71.9407 -0.170197  0.787283  -16.0941   40.2893   9.21682 0.0688291 0 0 0 0 0 0    0.47311   -0.13618 0.00511831 -0.000145556 -0.000127469 -7.03236e-05  0.0178229   0.141399 0.00400464 -0.0615501  0.0374771   -9.80874 
             72.0408 -0.163714  0.763654  -16.2301   40.3397   9.21213 0.0728981 0 0 0 0 0 0  0.477278 -0.103056  0.022194 -0.000153936 -0.000114071 -6.50167e-05  0.0181692   0.140563 0.00357696 -0.0610976  0.0375844   -9.80874 
             72.1424 -0.144349  0.759482   -16.343    40.389   9.19519 0.0715374 0 0 0 0 0 0  0.480887 -0.122273 0.0164129 -0.000157624 -8.71921e-05  -7.8197e-05  0.0177232   0.140976 0.00401093 -0.0613451  0.0373961   -9.80874 
             72.2412 -0.146176  0.744403  -16.4681   40.4376   9.18832 0.0715966 0 0 0 0 0 0   0.479187  -0.102901 0.00905017 -0.000192251 -9.22885e-05 -8.04047e-05  0.0179649   0.140498 0.00420535 -0.0610863  0.0374818   -9.80874 
             72.3414  -0.1903 0.742497 -16.5979   40.4881   9.17525 0.0699274 0 0 0 0 0 0    0.477119   -0.111135 -0.00869865 -0.000167263 -7.60899e-05 -7.79837e-05  0.0175826   0.140507 0.00450911 -0.0611257  0.0372927   -9.80874 
             72.4416 -0.178626  0.757546  -16.7289   40.5277   9.16287 0.0651562 0 0 0 0 0 0   0.458297  -0.120043 -0.0157233  -0.00015184 -9.61942e-05 -9.64262e-05 0.0181483  0.141153 0.0050847 -0.0614084  0.0376403   -9.80874 
             72.5418 -0.141925  0.708753   -16.901   40.5681   9.14784 0.0627936 0 0 0 0 0 0   0.454957   -0.12113 -0.0165421  -0.00015104 -9.48683e-05 -8.44354e-05  0.0184176   0.141841 0.00516345 -0.0617332  0.0378386   -9.80873 
              72.642 -0.102793  0.760764  -17.0581   40.6155     9.133 0.0635267 0 0 0 0 0 0   0.463446  -0.117169 -0.0237802 -0.000168101 -5.53164e-05 -9.82272e-05 0.0180918  0.141941 0.0048028 -0.0618107  0.0376791   -9.80873 
             72.7427 -0.128987  0.908976  -17.2317   40.6609   9.11971 0.0649291 0 0 0 0 0 0    0.458436   -0.124719 -0.00798425  -0.00019101 -8.93039e-05 -9.22334e-05   0.018043   0.142115 0.00428966 -0.0618992  0.0376654   -9.80873 
             72.8424 -0.23027 0.852068 -17.4004   40.7041    9.1045 0.0660716 0 0 0 0 0 0   0.458283   -0.14819 0.00172588 -0.000187304 -0.000121039 -0.000110737  0.0180973   0.142428 0.00403315 -0.0620503   0.037721   -9.80873 
             72.9426 -0.284096  0.779373   -17.584   40.7625   9.08521 0.0706492 0 0 0 0 0 0  0.496938 -0.180346 0.0163929 -0.000180595 -8.87659e-05 -8.60055e-05   0.016942   0.141849 0.00349362 -0.0618703   0.037068   -9.80873 
             73.0428 -0.272886  0.843805  -17.7445   40.8086   9.07585 0.0683536 0 0 0 0 0 0   0.48308  -0.14209 0.0075225 -0.000167366 -8.68912e-05 -0.000112788  0.0177425   0.141476 0.00401192 -0.0616004  0.0374406   -9.80874 
             73.1434 -0.230221  0.844291  -17.9499    40.854   9.06292 0.0609603 0 0 0 0 0 0  0.474597  -0.13356 -0.028029  -0.00013731 -9.83583e-05  -0.00010259  0.0180372   0.141641 0.00495637 -0.0616626  0.0376187   -9.80873 
             73.2432 -0.166307  0.826448  -18.2128    40.898   9.05232 0.0643663 0 0 0 0 0 0   0.455403  -0.112602 0.00310828 -0.000157873 -9.13446e-05 -0.000105123  0.0184279   0.141734 0.00438035 -0.061658 0.0378226  -9.80873 
             73.3439 -0.168136  0.837187  -18.4387   40.9439   9.04598 0.0628118 0 0 0 0 0 0    0.445552   -0.101161 -0.00600604 -0.000180803 -8.43844e-05  -0.00012819   0.018765   0.141354 0.00448795 -0.0614243  0.0379501   -9.80873 
             73.4436 -0.20601 0.844516 -18.7357  40.9934  9.04534 0.064064 0 0 0 0 0 0   0.465985 -0.0794147 0.00173053 -0.000183507 -0.000123748 -0.000116648  0.0191551   0.140288 0.00426315 -0.0608272   0.038013   -9.80874 
             73.5442 -0.238198  0.761066  -19.0045  41.0429  9.02366 0.065874 0 0 0 0 0 0  0.477092  -0.12809 0.0112547 -0.000169909 -0.000100155 -0.000112759  0.0179615   0.141082 0.00409899 -0.0613905  0.0375035   -9.80874 
             73.6439 -0.201667  0.827601  -19.2746   41.0846   8.99986 0.0627086 0 0 0 0 0 0   0.460132   -0.16064 -0.0143001 -0.000175616 -8.86522e-05 -0.000113037  0.0175582   0.142285 0.00453945 -0.0620694  0.0374674   -9.80873 
             73.7443 -0.175717  0.858725   -19.493   41.1387   8.96824 0.0581257 0 0 0 0 0 0  0.487996 -0.219264 -0.027791 -0.000177193 -0.000117642 -0.000111418 0.0158749  0.142769 0.0048307 -0.0625664  0.0366737   -9.80873 
             73.8443 -0.169417  0.791658  -19.7338   41.1868   8.95957 0.0616048 0 0 0 0 0 0   0.487649  -0.173541 -0.0123053 -0.000202816 -0.000123549 -9.88021e-05 0.0168696  0.141949 0.0041534 -0.0619859  0.0370551   -9.80873 
             73.9447 -0.169614  0.765419  -19.8898   41.2445   8.93153 0.0626107 0 0 0 0 0 0   0.513345  -0.213519 0.00154479 -0.000189147 -7.56781e-05 -8.08733e-05  0.0155428   0.142016 0.00388584 -0.0622274  0.0363769   -9.80874 
             74.0452 -0.169913  0.783677  -20.0025 41.2915 8.91322 0.05762 0 0 0 0 0 0   0.495516  -0.200064 -0.0202608 -0.000199171 -9.68589e-05 -9.55745e-05  0.0160985   0.142138 0.00454676 -0.0622057  0.0366918   -9.80873 
             74.1449  -0.2036 0.763162   -20.12   41.3447   8.89747 0.0574427 0 0 0 0 0 0    0.502349   -0.183972 -0.00542837 -0.000190361 -0.000106563    -5.09e-05  0.0161757   0.141562 0.00434944 -0.0618929  0.0366338   -9.80874 
             74.2453 -0.20141  0.77241 -20.1685   41.3837   8.88273 0.0577797 0 0 0 0 0 0   0.455585  -0.173799 -0.0095102 -0.000187558 -0.000110388 -6.65373e-05  0.0173186   0.142158 0.00420011 -0.0620071  0.0373241   -9.80873 
             74.3453 -0.173557  0.756477  -20.2348   41.4162   8.86744 0.0553672 0 0 0 0 0 0    0.416976   -0.159235 -0.00905041 -0.000171233 -0.000127257 -6.74033e-05  0.0184123   0.143116 0.00440814 -0.0623171  0.0380552   -9.80873 
             74.4455 -0.101976  0.652773  -20.3193   41.4608   8.85231 0.0571044 0 0 0 0 0 0    0.43079  -0.149613 0.00398247 -0.000178481 -0.000122804 -7.55227e-05 0.0182699   0.14289  0.004117 -0.0622228  0.0379398   -9.80873 
             74.5457 -0.0884573   0.614041   -20.4056   41.5152    8.8365 0.0653409 0 0 0 0 0 0  0.461278 -0.154076 0.0336822 -0.000192419 -9.82065e-05 -7.31413e-05  0.0174442   0.142141 0.00316199 -0.0619741   0.037375   -9.80873 
             74.6459 -0.104978  0.615215   -20.492   41.5592   8.81683 0.0667152 0 0 0 0 0 0  0.451821 -0.161022 0.0180897 -0.000206271 -8.39116e-05 -6.27074e-05 0.0172476  0.142578 0.0034142 -0.0622343  0.0373518   -9.80873 
             74.7503 -0.134095  0.605999  -20.5317    41.606   8.79561 0.0653512 0 0 0 0 0 0  0.453161 -0.180518 0.0173766 -0.000212507 -8.97101e-05 -7.58094e-05  0.0170039   0.142858 0.00388507 -0.0624223  0.0372794   -9.80873 
             74.8463 -0.172473  0.587454  -20.5974   41.6577   8.78592 0.0612571 0 0 0 0 0 0     0.48481   -0.154646 -0.00683915 -0.000215773 -9.45965e-05 -6.60704e-05 0.0170549  0.141656 0.0045982 -0.0617971  0.0371012   -9.80874 
             74.9465 -0.187457  0.559101  -20.6126   41.7048   8.76033 0.0581342 0 0 0 0 0 0    0.485789   -0.189247 -0.00670666 -0.000205258 -9.15661e-05 -6.85441e-05  0.0164072   0.142347 0.00495629 -0.0622666  0.0368925   -9.80873 
             75.0467 -0.18521 0.554442 -20.6009   41.7508   8.73971 0.0590365 0 0 0 0 0 0     0.475562    -0.196701 -0.000235953 -0.000189839  -0.00010709  -5.2934e-05  0.0164284   0.142603 0.00475014 -0.0623936   0.036947   -9.80873 
             75.1469 -0.166156  0.537637  -20.5549   41.8045   8.72333 0.0616163 0 0 0 0 0 0  0.494107 -0.180653 0.0149932 -0.000182853 -0.000105894 -5.72685e-05  0.0162654   0.141944 0.00441357 -0.0620841  0.0367464   -9.80873 
             75.2471 -0.151126  0.520721  -20.5068   41.8551   8.71321 0.0610523 0 0 0 0 0 0   0.497482  -0.152868 -0.0047792 -0.000180947 -9.52474e-05 -4.31315e-05  0.0167376   0.141352 0.00458463 -0.0616999  0.0368854   -9.80874 
             75.3473 -0.139978  0.518628  -20.4904   41.8942   8.70629 0.0609705 0 0 0 0 0 0   0.458786  -0.127764 0.00961082  -0.00019315 -0.000122468 -5.41805e-05  0.0180596   0.141564 0.00470187 -0.0615811  0.0375955   -9.80873 
             75.4475 -0.138489  0.520042  -20.4353   41.9319   8.67515 0.0607424 0 0 0 0 0 0   0.417803  -0.192673 0.00285671 -0.000149729 -0.000119667 -4.59715e-05  0.0172443   0.143368 0.00477464 -0.0626357  0.0374882   -9.80873 
             75.5485 -0.0687143   0.523102   -20.3644   41.9765   8.64536 0.0625644 0 0 0 0 0 0   0.419623  -0.215299 0.00654494 -0.000148756 -9.18554e-05 -6.54702e-06  0.0162292   0.143941 0.00458361 -0.0630959  0.0370692   -9.80873 
             75.6479 -0.0494886   0.569761   -20.0858   42.0333   8.61522 0.0651153 0 0 0 0 0 0   0.462168  -0.232559 0.00751088 -0.000142279 -7.07107e-05  4.04644e-05 0.0144143  0.143423 0.0042985 -0.0631331  0.0360658   -9.80873 
             75.7481 -0.0123219   0.596258   -19.6672   42.0959   8.59436 0.0638948 0 0 0 0 0 0   0.512095  -0.225762 0.00864161 -0.000181904 -6.91087e-05   4.7641e-05  0.0134547   0.141996 0.00459357 -0.0625689  0.0353573   -9.80874 
             75.8485 -0.0725123   0.586658   -19.2203   42.1492   8.58043 0.0594545 0 0 0 0 0 0   0.519157  -0.199692 -0.0143035  -0.00016428 -7.01586e-05  5.33955e-05  0.0140012    0.14122 0.00522039 -0.0620977  0.0355174   -9.80874 
             75.9484 -0.0940922   0.586777   -18.7538   42.1824   8.56706 0.0563892 0 0 0 0 0 0  0.461168 -0.172869 -0.013913 -0.000141655 -6.70125e-05  4.10242e-05  0.0158544   0.142141 0.00551542 -0.0622911  0.0365707   -9.80873 
             76.0487 -0.0725131   0.575197   -18.3009   42.2302   8.54376 0.0543787 0 0 0 0 0 0   0.469588  -0.178785 -0.0202225 -0.000121986 -5.32731e-05  4.16124e-05  0.0152059   0.142483 0.00554296 -0.0625439  0.0362971   -9.80873 
             76.1488 -0.0676191    0.59411   -17.8505  42.262 8.54158 0.05724 0 0 0 0 0 0   0.418612  -0.123822 0.00373094 -0.000127463 -5.36801e-05  1.93684e-05  0.0174282   0.142445 0.00497856 -0.0622642  0.0373678   -9.80873 
              76.249 -0.0720444   0.616319   -17.4695   42.2951   8.53959 0.0602916 0 0 0 0 0 0   0.386914 -0.0807597 0.00483789 -0.000131981  -5.5823e-05   2.4473e-06  0.0186951   0.142332 0.00462075 -0.0620789  0.0379613   -9.80873 
             76.3492 -0.0800313   0.623094   -17.1914   42.3281    8.5323 0.0561889 0 0 0 0 0 0   0.369851 -0.0692283 -0.0135519 -0.000123539 -6.45618e-05  -3.6204e-05  0.0190872     0.1427 0.00508925 -0.0622194  0.0381835   -9.80873 
             76.4494 -0.0681104   0.629576   -17.0786   42.3605   8.53902 0.0570504 0 0 0 0 0 0    0.355867  -0.0177356 -0.00199548 -0.000137496 -8.56098e-05 -7.92424e-05  0.0202238   0.142084 0.00486021 -0.0618439  0.0386642   -9.80873 
             76.5496 -0.0471841   0.617022   -17.1185    42.386   8.54012 0.0587668 0 0 0 0 0 0    0.325416 -0.00254601   0.0124505 -0.000138562 -8.10539e-05 -9.46126e-05  0.0211301    0.14255 0.00463815 -0.0619971  0.0391114   -9.80873 
             76.6498 -0.046077  0.655305   -17.209   42.4255   8.53225 0.0598495 0 0 0 0 0 0   0.341251 -0.0209329 0.00945817 -0.000141853 -7.54202e-05 -0.000113379  0.0201218   0.142652 0.00468035 -0.0621069  0.0386572   -9.80873 
               76.75 -0.0680915   0.685858   -17.3308    42.469    8.5133 0.0610938 0 0 0 0 0 0   0.367892 -0.0750112  0.0127569  -0.00017638 -9.74165e-05 -0.000114671  0.0183986   0.143253 0.00464899 -0.0624846  0.0379077   -9.80873 
             76.8502 -0.0764659   0.722179   -17.4645   42.5054   8.50403 0.0604736 0 0 0 0 0 0     0.3611 -0.0872759  0.0130375 -0.000177361 -0.000122581 -0.000121659    0.01835   0.143354 0.00488391 -0.0625347   0.037894   -9.80873 
             76.9504 -0.0748714   0.686582   -17.6375   42.5504   8.48638 0.0571579 0 0 0 0 0 0    0.394326   -0.117108 -0.00932551 -0.000167261 -0.000111571  -0.00011404 0.0171634  0.143438  0.005412 -0.0626511  0.0373636   -9.80873 
             77.0514 -0.0688087   0.704954   -17.7912   42.5925   8.47972 0.0539497 0 0 0 0 0 0    0.399661   -0.098689 -0.00639517 -0.000149882 -0.000133164 -0.000146357  0.0173351    0.14291 0.00570228 -0.0623999  0.0374097   -9.80873 
             77.1508 -0.0459605   0.664154   -18.0326    42.634    8.4642 0.0552046 0 0 0 0 0 0   0.408457  -0.105528 -0.0104648  -0.00015143 -0.000119964 -0.000123331  0.0168104   0.143234 0.00541842 -0.0625845  0.0371894   -9.80873 
              77.251 -0.0200017   0.677833   -18.2074   42.6753   8.45424 0.0568613 0 0 0 0 0 0   0.415571  -0.103886 0.00468522 -0.000170523  -0.00013847 -0.000156026  0.0168578   0.143169 0.00506103 -0.0625494  0.0372026   -9.80873 
             77.3512 -0.0238319   0.674526   -18.4983   42.7132   8.43968 0.0575526 0 0 0 0 0 0  0.396065 -0.103667  0.013781 -0.000169247 -0.000131395  -0.00014893  0.0168136   0.143724 0.00505828 -0.0628091  0.0372269   -9.80873 
             77.4514 -0.0464991   0.694477   -18.7836    42.756   8.42789 0.0604305 0 0 0 0 0 0  0.404048 -0.108655 0.0126184 -0.000163863 -0.000124402 -0.000153916    0.01649   0.143575 0.00477814 -0.062767 0.0370611  -9.80873 
             77.5516 -0.0510502   0.662288   -19.0788   42.8035   8.41588 0.0553922 0 0 0 0 0 0     0.45294   -0.120128 -0.00555154 -0.000156758 -0.000160738 -0.000174466  0.0160358   0.143245 0.00568512 -0.0626588   0.036829   -9.80873 
             77.6518 -0.038337  0.600432  -19.4299   42.8376   8.40812 0.0548732 0 0 0 0 0 0    0.435253   -0.109774 -0.00501829 -0.000160357  -0.00016052 -0.000180755  0.0173045    0.14375 0.00576194 -0.0627679  0.0374733   -9.80873 
             77.7523 -0.0366978   0.593365   -19.8025   42.8774   8.39134 0.0608883 0 0 0 0 0 0  0.427403 -0.126266 0.0203586 -0.000181465 -0.000105345 -0.000177276  0.0172168   0.144469 0.00491318 -0.0631137  0.0375016   -9.80873 
             77.8522 -0.0570857   0.662392   -20.2019   42.9211   8.38029 0.0591604 0 0 0 0 0 0   0.440903  -0.123863 0.00252017 -0.000197446 -0.000125605 -0.000180842  0.0172592   0.144313 0.00531413 -0.0630354   0.037507   -9.80873 
             77.9524 -0.0811004    0.64457    -20.598   42.9646    8.3699 0.0590004 0 0 0 0 0 0     0.441393    -0.124252 -0.000523775 -0.000219751 -0.000134102  -0.00020076  0.0175129   0.144182 0.00545052 -0.0629413  0.0376124   -9.80873 
             78.0526 -0.120213   0.67988  -21.0275   43.0174   8.34259 0.0585534 0 0 0 0 0 0    0.469723   -0.184068 -0.00457351 -0.000226169 -0.000137145 -0.000191407  0.0157866    0.14462 0.00540536 -0.0633862  0.0368463   -9.80873 
             78.1528 -0.140908  0.672256  -21.4471   43.0663   8.33149 0.0518976 0 0 0 0 0 0  0.481961  -0.16587 -0.019575 -0.000219784 -0.000130626 -0.000222817   0.016263   0.143955 0.00630243 -0.0629998  0.0369861   -9.80873 
             78.2529 -0.138951  0.678963  -21.8946   43.1191   8.31606 0.0523252 0 0 0 0 0 0   0.498393  -0.166679 -0.0176679  -0.00022383 -0.000114395 -0.000207252  0.0160139   0.143538 0.00587479 -0.0628359  0.0367966   -9.80873 
             78.3531 -0.14669  0.71378 -22.3699   43.1651   8.30316 0.0518692 0 0 0 0 0 0    0.482819   -0.158824 -0.00873071  -0.00021412 -9.02058e-05 -0.000212477  0.0165513    0.14354 0.00576983 -0.062746 0.0370569  -9.80873 
             78.4533 -0.123857   0.80268  -22.8547   43.2159   8.28329 0.0494667 0 0 0 0 0 0    0.49229  -0.171981 -0.0157671 -0.000211994 -0.000120954  -0.00021332 0.0160075  0.143618 0.0059234 -0.0628819  0.0368068   -9.80873 
             78.5569 -0.0800718   0.856589   -23.3629   43.2585   8.26903 0.0477534 0 0 0 0 0 0   0.47286 -0.161914 -0.018644 -0.000211633 -0.000168834 -0.000221248  0.0168572   0.144061 0.00590998 -0.0629368  0.0373072   -9.80873 
             78.6537 -0.0629799   0.822659   -23.8598  43.3059  8.24123 0.050719 0 0 0 0 0 0   0.484993  -0.197699 0.00377049 -0.000225776 -0.000162632  -0.00022551  0.0158205   0.144758 0.00531855 -0.0634872  0.0369316   -9.80873 
             78.7539 -0.0419059   0.850262   -24.3779   43.3721   8.22207 0.0514961 0 0 0 0 0 0    0.541269   -0.204011 -0.00601983 -0.000260495 -0.000154794 -0.000231304  0.0148409   0.143316 0.00513901 -0.0629862  0.0361373   -9.80873 
             78.8541 -0.0732578   0.876506   -24.8903   43.4257   8.19906 0.0544072 0 0 0 0 0 0   0.543021    -0.2187 0.00766753 -0.000279759 -0.000152435 -0.000226108  0.0147106   0.143574 0.00475897 -0.0631418  0.0361259   -9.80873 
             78.9543 -0.125865  0.893753  -25.4085   43.4664   8.17244 0.0536584 0 0 0 0 0 0     0.49889   -0.245466 -0.00107326 -0.000288174 -0.000170068 -0.000217332  0.0152245   0.145055 0.00488186 -0.063753 0.0367353  -9.80872 
             79.0545 -0.175784  0.856421  -25.9146   43.5297   8.14726 0.0512401 0 0 0 0 0 0   0.542424  -0.260146 -0.0132243  -0.00028295 -0.000183461 -0.000212346   0.014387    0.14387 0.00513187 -0.0633762  0.0360273   -9.80873 
             79.1547 -0.186511  0.775183  -26.3886   43.5813   8.11634 0.0486613 0 0 0 0 0 0   0.537542  -0.279468 -0.0110798  -0.00025445 -0.000169138 -0.000180882  0.0141972   0.144375 0.00534843 -0.0636773  0.0360679   -9.80873 
             79.2549 -0.132808  0.812462  -26.7705   43.6369   8.07383 0.0456857 0 0 0 0 0 0   0.549707  -0.315624 -0.0279047 -0.000232557 -0.000174758 -0.000173243  0.0127326   0.145117 0.00546268 -0.0644448  0.0355435   -9.80872 
             79.3551 -0.0570235   0.821848   -27.1401   43.6819   8.05448 0.0423896 0 0 0 0 0 0   0.521251   -0.27651 -0.0344126 -0.000250659 -0.000172107 -0.000175464  0.0145029   0.145244 0.00556093 -0.0640086  0.0364594   -9.80872 
             79.4553 -0.0708348   0.741556   -27.4932   43.7434   8.02901 0.0469139 0 0 0 0 0 0   0.550514  -0.283221 0.00446004 -0.000255978 -0.000196902 -0.000168555  0.0142428   0.144219 0.00468912 -0.0635739  0.0360219   -9.80873 
             79.5555 -0.107597  0.675195  -27.8408   43.8014   7.99451 0.0520832 0 0 0 0 0 0  0.555977 -0.311642 0.0208941 -0.000253945 -0.000178153 -0.000144751 0.0135816  0.144258 0.0041849 -0.0637903  0.0356998   -9.80873 
             79.6557 -0.114394  0.672487  -28.1391   43.8559   7.97141 0.0527033 0 0 0 0 0 0  0.553288 -0.274028 0.0113451 -0.000244999 -0.000149923 -0.000151497  0.0143019   0.143936 0.00437404 -0.0634101  0.0359596   -9.80873 
             79.7559 -0.094089  0.738586  -28.4429  43.9128  7.94278 0.048207 0 0 0 0 0 0    0.557969   -0.286534 -0.00495769 -0.000251265 -0.000173152 -0.000142386 0.0141369  0.143823 0.0050137 -0.0634061  0.0358491   -9.80873 
             79.8561 -0.117976  0.693662    -28.76   43.9645   7.91038 0.0471401 0 0 0 0 0 0    0.545349    -0.29796 -0.00709816 -0.000253843 -0.000187648 -0.000126916  0.0140321   0.144368 0.00507841 -0.0637083  0.0359718   -9.80873 
             79.9563 -0.138295  0.656339  -29.0083   44.0296   7.88671 0.0475443 0 0 0 0 0 0    0.556088   -0.285298 -0.00315087 -0.000259012 -0.000168509 -0.000144536  0.0140724   0.142946 0.00500063 -0.0629957  0.0355302   -9.80873 
             80.0565 -0.122798  0.660614  -29.2905   44.0713   7.85302 0.0454404 0 0 0 0 0 0    0.499287   -0.306671 -0.00734611 -0.000251834 -0.000159179 -0.000139638 0.0143869  0.144527  0.005181 -0.0636687  0.0362062   -9.80873 
             80.1567 -0.0980952   0.633322   -29.5879   44.1298    7.8248 0.0430473 0 0 0 0 0 0   0.529983  -0.292052 -0.0223185 -0.000205308 -0.000184287 -0.000144014  0.0142298   0.143719 0.00536701 -0.0633251  0.0358613   -9.80873 
             80.2569 -0.0157747   0.603857   -29.8942  44.1796  7.80057 0.044088 0 0 0 0 0 0    0.523721   -0.271313 -0.00354745 -0.000211938 -0.000178336 -0.000147882  0.0149566    0.14388 0.00506966 -0.0631581  0.0362687   -9.80873 
             80.3581 0.0254654  0.593081   -30.205   44.2361   7.76554 0.0470698 0 0 0 0 0 0   0.545694   -0.29213 0.00116228 -0.000240089 -0.000180271  -0.00013718  0.0140641   0.144051 0.00460723 -0.063549 0.0358879  -9.80873 
             80.4608 -0.0164308   0.616674   -30.5237   44.2799   7.74266 0.0517882 0 0 0 0 0 0   0.503229  -0.269508 0.00319059 -0.000278475 -0.000157024 -0.000146094  0.0154587   0.144839 0.00406353 -0.063449 0.0368364  -9.80873 
             80.5575 -0.131598  0.639504  -30.7824   44.3319   7.70763 0.0503918 0 0 0 0 0 0   0.508813  -0.300247 0.00945313 -0.000296943 -0.000157097  -0.00012938  0.014464  0.144936 0.0042738 -0.0638466   0.036389   -9.80872 
             80.6577 -0.216226  0.631366  -31.0127    44.404   7.66692 0.0442223 0 0 0 0 0 0   0.586409   -0.35575 -0.0165316 -0.000279476 -0.000217356 -0.000141444  0.0125228    0.14329 0.00497572 -0.0637418  0.0348656   -9.80873 
             80.7578 -0.229115  0.572894  -31.2702   44.4664   7.62173 0.0432396 0 0 0 0 0 0  0.593604 -0.390692 -0.021694 -0.000238572 -0.000186834 -0.000122682   0.011444   0.143319 0.00496362 -0.0641461  0.0343541   -9.80873 
              80.859 -0.146113  0.674477  -31.4986   44.5054   7.60014 0.0415324 0 0 0 0 0 0    0.532978   -0.317005 -0.00699928 -0.000220498 -0.000189274  -0.00013911  0.0141186   0.144553 0.00500353 -0.063763 0.0360964  -9.80873 
             80.9584 -0.0623858   0.730961   -31.7589   44.5557   7.57468 0.0424018 0 0 0 0 0 0  0.524889 -0.299703 -0.004378 -0.000239853 -0.000214983 -0.000144129  0.0148379   0.144553 0.00471026 -0.0634969  0.0364403   -9.80873 
             81.0584 -0.0626409    0.75876   -32.0391  44.6043  7.53759 0.046464 0 0 0 0 0 0  0.508581  -0.32812 0.0178265 -0.000260495 -0.000214709  -0.00014077  0.0143179   0.145241 0.00426067 -0.0640212  0.0364433   -9.80872 
             81.1586 -0.116152  0.746035  -32.2746   44.6624   7.51271 0.0437174 0 0 0 0 0 0   0.524263  -0.304052 0.00910331 -0.000238498 -0.000198785 -0.000143895   0.014791   0.144114 0.00474508 -0.0633032  0.0362503   -9.80873 
             81.2588 -0.105569  0.812073  -32.5467   44.7183   7.48479 0.0486567 0 0 0 0 0 0  0.547594 -0.284036 0.0108409 -0.000245047 -0.000186413 -0.000143529  0.0148675   0.143738 0.00418563 -0.0630949  0.0361377   -9.80873 
             81.3594 -0.124716  0.920444  -32.7656    44.768   7.44608 0.0417713 0 0 0 0 0 0   0.509299  -0.320922 -0.0183236 -0.000284343 -0.000191233 -0.000168244  0.0140847   0.144576 0.00514636 -0.0637945  0.0360976   -9.80873 
             81.4598 -0.189373  0.986714  -33.0061   44.8315   7.40629 0.0391662 0 0 0 0 0 0   0.546525  -0.355826 -0.0137147 -0.000271662 -0.000233989 -0.000158294  0.0128142   0.143571 0.00518176 -0.0638098  0.0351056   -9.80873 
             81.5594 -0.182945  0.967048   -33.244   44.8884    7.3667 0.0349274 0 0 0 0 0 0   0.556451  -0.367238 -0.0293911 -0.000253759 -0.000225534 -0.000149058  0.0123011   0.143459 0.00550004 -0.0639578  0.0348233   -9.80873 
             81.6596 -0.106555   1.06226   -33.446    44.947   7.32964 0.0372224 0 0 0 0 0 0   0.556004  -0.358154 -0.0148938 -0.000237791 -0.000239597 -0.000177235  0.0121481   0.143087 0.00480294  -0.06384 0.0345939  -9.80873 
               81.76 -0.0407555    1.09321   -33.7721    44.993   7.29751 0.0316096 0 0 0 0 0 0   0.525552  -0.346899 -0.0320759 -0.000236094 -0.000265405 -0.000144761  0.0130823   0.144074 0.00525282 -0.0639357  0.0354329   -9.80873 
             81.8611 -0.0178507    1.05957   -34.0153   45.0421   7.26451 0.0332227 0 0 0 0 0 0   0.520914  -0.335053 -0.0182649  -0.00025048 -0.000281474  -0.00015131 0.0135554  0.144501 0.0047777 -0.0639465  0.0358175   -9.80873 
             81.9602 -0.0454088    1.00593    -34.297   45.1054   7.22757 0.0362939 0 0 0 0 0 0  0.559991 -0.345419 0.0154319 -0.000282375 -0.000220101 -0.000140119  0.0127091   0.143388 0.00437017 -0.063766 0.0349647  -9.80873 
             82.0604 -0.106679   1.06756  -34.5426  45.1602  7.18998 0.036263 0 0 0 0 0 0  0.540811 -0.358229 0.0121118 -0.000305329 -0.000228798 -0.000128868    0.01246    0.14355 0.00450731 -0.0639433  0.0349168   -9.80873 
             82.1606 -0.214146   1.04897  -34.7432   45.2202   7.15389 0.0372245 0 0 0 0 0 0   0.546096  -0.379742 0.00770977 -0.000302677 -0.000232096 -0.000140086  0.0122417   0.142743 0.00450375 -0.0636571  0.0344841   -9.80873 
             82.2623 -0.256509  0.996537  -34.9178   45.2743   7.11365 0.0345789 0 0 0 0 0 0  0.538087 -0.390662 0.0131707 -0.000251707 -0.000255114 -0.000130905  0.0120711   0.142878 0.00511135 -0.0637915  0.0344706   -9.80873 
              82.361 -0.163634  0.891357  -35.1009     45.32   7.07671 0.0349203 0 0 0 0 0 0  0.503724 -0.378221 0.0144316 -0.000224059  -0.00024334 -0.000144487  0.0124999   0.143635 0.00524078 -0.0639644  0.0349865   -9.80873 
             82.4612 -0.0329083   0.886696    -35.318   45.3674   7.04219 0.0326849 0 0 0 0 0 0   0.497405   -0.35673 -0.0115986 -0.000231138 -0.000237814 -0.000142073  0.0128636   0.143936 0.00556257 -0.0639518  0.0352848   -9.80873 
             82.5614 0.0254186  0.848225  -35.5527   45.4164    7.0141 0.0268586 0 0 0 0 0 0   0.507207  -0.326886 -0.0225759 -0.000255267 -0.000267915 -0.000143562  0.0136758   0.143746 0.00627282 -0.063523 0.0355891  -9.80873 
             82.6618 -0.0233511   0.746675   -35.7656   45.4695   6.97633 0.0294036 0 0 0 0 0 0   0.505692  -0.359453 0.00438503 -0.000252994 -0.000250905 -0.000138709  0.0131315   0.143659 0.00568426 -0.063714 0.0352942  -9.80873 
             82.7618 -0.0499099    0.75698    -36.006   45.5312   6.94122 0.0354339 0 0 0 0 0 0   0.533833  -0.351785 0.00944554 -0.000268206 -0.000194097 -0.000133299  0.0127415   0.142498 0.00493815 -0.0633504  0.0346136   -9.80873 
              82.862 -0.0998466    0.86361   -36.2121   45.5827   6.90584 0.0390181 0 0 0 0 0 0  0.519839 -0.357621 0.0326795 -0.000261304  -0.00021672 -0.000144888  0.0128139   0.142776 0.00480752 -0.0634467  0.0347638   -9.80873 
             82.9621 -0.124307  0.883257  -36.4379   45.6291   6.86984 0.0318242 0 0 0 0 0 0    0.494255   -0.360953 -0.00938924 -0.000285113  -0.00022454 -0.000141613   0.012982   0.143507 0.00601707 -0.0637048  0.0351685   -9.80873 
             83.0626 -0.237554  0.885411  -36.6438   45.6852   6.82677 0.0308244 0 0 0 0 0 0     0.51092   -0.389426 -0.00842692 -0.000277442 -0.000250132 -0.000134976  0.0120294    0.14301 0.00613799 -0.0638903  0.0345225   -9.80873 
             83.1626 -0.225582  0.876455  -36.8009   45.7387   6.79226 0.0326873 0 0 0 0 0 0   0.503736  -0.378418 0.00981883 -0.000259034 -0.000227029 -0.000141669  0.0123219   0.142454 0.00582127 -0.0635114  0.0344098   -9.80873 
             83.2628 -0.203124  0.895804  -37.0106   45.7822   6.75559 0.0317812 0 0 0 0 0 0    0.465531   -0.354452 -0.00343878 -0.000235873 -0.000209049 -0.000157879  0.0125172   0.143174 0.00598637 -0.0637515  0.0348139   -9.80873 
              83.363 -0.16277 0.910068 -37.2042   45.8246   6.71778 0.0293152 0 0 0 0 0 0    0.45782  -0.353354 -0.0151185 -0.000231652 -0.000231547 -0.000154824   0.012372   0.143791 0.00629842 -0.0640934  0.0350224   -9.80873 
             83.4644 -0.142935  0.884546  -37.4214   45.8724   6.68504 0.0239941 0 0 0 0 0 0   0.460391  -0.331387 -0.0104253 -0.000246979 -0.000240629 -0.000152743  0.0126525   0.143458 0.00690269 -0.063821 0.0350097  -9.80873 
             83.5633 -0.175668  0.904377  -37.6448   45.9262   6.65644 0.0254146 0 0 0 0 0 0   0.481278  -0.316047 -0.0182975 -0.000273087 -0.000217508 -0.000155775  0.0128579   0.142229 0.00643339 -0.0631799  0.0345532   -9.80874 
             83.6639 -0.255351  0.949822  -37.8807   45.9609   6.61661 0.0307548 0 0 0 0 0 0  0.402302 -0.338602 0.0169798  -0.00030767 -0.000186603 -0.000148344  0.0124235   0.143992 0.00570572 -0.0641596  0.0351321   -9.80873 
             83.7637 -0.3905 1.01447 -38.077   46.0041   6.58159 0.0274457 0 0 0 0 0 0     0.3886  -0.345131 -0.0117056 -0.000262518 -0.000226081 -0.000159512  0.0120796   0.143518 0.00622034 -0.0641027   0.034774   -9.80873 
             83.8639 -0.360153  0.969196  -38.3374   46.0533   6.54836 0.0226716 0 0 0 0 0 0   0.416934   -0.33388 -0.0189566 -0.000250212 -0.000257465 -0.000195595  0.0117094   0.142132 0.00671367 -0.0636553  0.0339946   -9.80873 
             83.9641 -0.294452  0.877793  -38.7024   46.096  6.52753 0.027636 0 0 0 0 0 0    0.416674   -0.268717 -0.00322192 -0.000233113 -0.000232417 -0.000164552   0.013018    0.14156 0.00578687 -0.0628078   0.034304   -9.80874 
              84.065 -0.284763  0.881919  -39.0586   46.1441   6.50638 0.0269018 0 0 0 0 0 0  0.425919 -0.244878  -0.01181 -0.000252961 -0.000222979 -0.000192261  0.0133851   0.140548 0.00585266 -0.0621954  0.0340075   -9.80874 
             84.1645 -0.35863 0.858608   -39.49   46.1723    6.4772 0.0141898 0 0 0 0 0 0   0.371619  -0.263917 -0.0449474 -0.000277289 -0.000275275 -0.000187168  0.0133307   0.142347 0.00730627 -0.0630148  0.0348244   -9.80874 
              84.265 -0.439717  0.740492  -39.9495   46.2172   6.44081 0.0227975 0 0 0 0 0 0    0.390254   -0.300856 -0.00030076 -0.000269926 -0.000248382 -0.000194681  0.0120225   0.141762 0.00571682 -0.063359  0.033965  -9.80874 
             84.3649 -0.42738 0.764903 -40.3843   46.2526   6.41739 0.0299266 0 0 0 0 0 0  0.385617 -0.293474 0.0329195 -0.000270119 -0.000243855  -0.00020977  0.0129577   0.141991 0.00484465 -0.0630179  0.0344707   -9.80874 
             84.4656 -0.391752  0.723895  -40.9092   46.2995   6.38723 0.0232878 0 0 0 0 0 0    0.430567   -0.314005 -0.00595097 -0.000270317 -0.000283883 -0.000218899  0.0127663   0.141148 0.00608366 -0.0627503  0.0339994   -9.80874 
             84.5654 -0.361015  0.695566  -41.4183  46.3398  6.34411 0.029371 0 0 0 0 0 0  0.433171 -0.351115 0.0178252 -0.000284669 -0.000201507 -0.000212224  0.0114453   0.141981 0.00518248 -0.0637363  0.0338242   -9.80873 
             84.6669 -0.376536  0.821871  -41.9732   46.371  6.31125 0.021359 0 0 0 0 0 0   0.398749   -0.35025 -0.0261533 -0.00031427  -0.0002627 -0.00022623  0.012239  0.143643 0.0064727 -0.0640625  0.0349791   -9.80873 
             84.7658 -0.484945  0.722408  -42.5385   46.4204   6.28154 0.0158433 0 0 0 0 0 0   0.429063  -0.356102 -0.0277555 -0.000308271 -0.000269854 -0.000222015  0.0126858   0.142184 0.00695796 -0.063228 0.0344546  -9.80874 
             84.8659 -0.562062  0.661947  -43.0876   46.4675   6.24397 0.0189265 0 0 0 0 0 0    0.444198   -0.388842 -0.00370435 -0.000294337 -0.000253769 -0.000220492  0.0125294   0.141726 0.00617007 -0.0631113  0.0341552   -9.80874 
             84.9661 -0.543221  0.689769  -43.6156    46.498   6.20623 0.0262496 0 0 0 0 0 0  0.415135 -0.394214 0.0102675 -0.000290189 -0.000244613 -0.000232754  0.0130966   0.143487 0.00536554 -0.0635533  0.0352744   -9.80873 
             85.0663 -0.445136  0.694531  -44.2295   46.5443   6.15881 0.0292647 0 0 0 0 0 0  0.451096 -0.418153 0.0417756 -0.000311522 -0.000257456 -0.000216254  0.0121355   0.143232 0.00525278 -0.0639387   0.034747   -9.80873 
             85.1664 -0.431277  0.739649  -44.8347   46.5859   6.11181 0.0232913 0 0 0 0 0 0      0.45426    -0.448695 -0.000837724 -0.000333849 -0.000269776  -0.00021178  0.0116541   0.143793 0.00634143 -0.0644207  0.0348468   -9.80873 
             85.2667 -0.481002  0.750387  -45.3689  46.6272  6.07033 0.020555 0 0 0 0 0 0   0.435135  -0.435335 -0.0178097 -0.000345778 -0.000230449 -0.000216756  0.0120972   0.144094 0.00667507 -0.0643117  0.0351863   -9.80873 
             85.3668 -0.538668  0.848368  -45.8966   46.6782   6.01961 0.0169837 0 0 0 0 0 0   0.448882  -0.468988 -0.0244331 -0.000356896 -0.000230515 -0.000215502  0.0111468   0.143099 0.00680245 -0.064417 0.0342791  -9.80873 
              85.468 -0.589915  0.893591  -46.3621   46.7005   5.96989 0.0196276 0 0 0 0 0 0   0.352508  -0.489325 -0.0117869 -0.000343341 -0.000253597  -0.00018615  0.0113077    0.14592 0.00614824 -0.0654469  0.0358473   -9.80872 
             85.5673 -0.582087  0.933611  -46.7344   46.7436   5.92081 0.0291856 0 0 0 0 0 0  0.371585 -0.483934 0.0212912 -0.000327947 -0.000249507 -0.000188026  0.0110436    0.14487 0.00499492 -0.0651713   0.035165   -9.80872 
             85.6682 -0.518699  0.957016  -47.0907   46.7737   5.86363 0.0308163 0 0 0 0 0 0  0.323438 -0.514436 0.0293934 -0.000298719 -0.000254593 -0.000156337  0.0102267    0.14575 0.00510321 -0.0659592  0.0353259   -9.80871 
             85.7676 -0.378786  0.955878  -47.2618   46.8086   5.82478 0.0181465 0 0 0 0 0 0   0.339532  -0.454591 -0.0421956 -0.000306289 -0.000274312 -7.18267e-05  0.0114143   0.145368 0.00672262 -0.0651685  0.0355958   -9.80872 
             85.8679 -0.326844  0.895798  -47.1292   46.8256   5.77192 0.0141837 0 0 0 0 0 0   0.259472  -0.483495 -0.0442314 -0.000311848 -0.000267477 -2.93706e-05  0.0108485   0.147586 0.00676816 -0.0663338  0.0365973   -9.80871 
              85.968 -0.340001  0.883157   -46.825    46.841   5.71942 0.0136647 0 0 0 0 0 0   0.203365  -0.504007 -0.0192464 -0.000314982 -0.000285249 -8.15981e-07  0.0105951   0.148998 0.00637449 -0.0670151  0.0372714    -9.8087 
             86.0682 -0.315583  0.844575  -46.4043   46.8612   5.67123 0.0255002 0 0 0 0 0 0  0.200894 -0.475339 0.0331791 -0.000298511 -0.000251708  1.62039e-05  0.0108034   0.149085 0.00488951 -0.0669337  0.0373831    -9.8087 
             86.1684 -0.200142  0.881793  -45.8768    46.925   5.63418 0.0306796 0 0 0 0 0 0  0.355851 -0.402675 0.0405581  -0.00022073 -0.000302939  2.47669e-06  0.0111512   0.143916 0.00466892 -0.0647474  0.0347081   -9.80872 
             86.2686 -0.168775  0.867317  -45.3944 46.9581 5.61048 0.01581 0 0 0 0 0 0  0.357254 -0.328239 -0.026824 -0.000216095 -0.000304817  2.33335e-05  0.0128443   0.143887 0.00670006 -0.0638241  0.0353716   -9.80873 
             86.3688 -0.258416  0.811322  -44.8694   47.0023   5.57798 0.0077456 0 0 0 0 0 0   0.366477  -0.332453 -0.0531392 -0.000230161 -0.000296486  3.05001e-05  0.0127533   0.142639 0.00719178 -0.0633813  0.0346819   -9.80873 
             86.4692 -0.337692  0.776526   -44.283    47.0423    5.54369 0.00854819 0 0 0 0 0 0   0.370695  -0.347187 -0.0300514 -0.000214089 -0.000327041  8.59746e-06  0.0126795   0.142144 0.00643839 -0.0632247  0.0343877   -9.80874 
             86.5692 -0.302017  0.591508  -43.8156   47.0873   5.50269 0.0128077 0 0 0 0 0 0     0.424442    -0.370387 -0.000170522 -0.000163072 -0.000312826  1.60266e-06  0.0118317   0.141402 0.00552963 -0.0633632  0.0336627   -9.80874 
             86.6695 -0.189074  0.454948  -43.3856   47.1376   5.46421 0.0186082 0 0 0 0 0 0  0.470892 -0.374672 0.0387624 -0.000148677  -0.00028339 -2.79068e-05  0.0114861   0.140646 0.00487639 -0.0632333  0.0331391   -9.80874 
             86.7696 -0.0845358   0.455367   -43.1786    47.196   5.42262 0.0259584 0 0 0 0 0 0  0.519968 -0.392729 0.0419898 -0.000172907 -0.000209285 -8.30861e-05 0.0107019  0.139382 0.0043481 -0.0631105  0.0321941   -9.80874 
             86.8698 -0.0217362   0.526081    -43.144 47.2527  5.3934 0.02021 0 0 0 0 0 0    0.55154  -0.376853 0.00978483 -0.000207712 -0.000260632 -0.000100284  0.0118927   0.138657 0.00558534 -0.0622294  0.0323295   -9.80875 
               86.97 -0.0111881   0.466801   -43.1756   47.3019   5.36018 0.0141852 0 0 0 0 0 0    0.55097  -0.373391 -0.0251024  -0.00019006 -0.000286343 -0.000142275   0.012701   0.139445 0.00651924 -0.0621561  0.0330423   -9.80875 
             87.0702 0.00902665   0.448916   -43.3358   47.3538   5.32698 0.0161405 0 0 0 0 0 0    0.552986   -0.349447 -0.00555246 -0.000186365 -0.000255877 -0.000177752  0.0132771   0.139865 0.00602307 -0.0620551   0.033477   -9.80875 
             87.1704 0.00486381   0.479153   -43.6371   47.4115   5.28351 0.0109275 0 0 0 0 0 0   0.562696  -0.385266 -0.0217251 -0.000222811 -0.000269417 -0.000216666   0.012282   0.139816 0.00651498 -0.0625068  0.0330486   -9.80875 
             87.2706 -0.0770117   0.496546   -44.0682    47.4706    5.22714 0.00889916 0 0 0 0 0 0   0.571277  -0.448923 -0.0304619 -0.000265443 -0.000303267 -0.000200624  0.0101492   0.140001 0.00645563 -0.063602 0.0322664  -9.80874 
             87.3708 -0.170989  0.474383  -44.4746  47.5257  5.17901 0.012492 0 0 0 0 0 0  0.566346 -0.492961 0.0180304 -0.000277305 -0.000307258 -0.000219685  0.0100632   0.140304 0.00576599 -0.0637706  0.0323743   -9.80874 
              87.471 -0.151172  0.444533  -44.9116   47.5758   5.14188 0.0242387 0 0 0 0 0 0  0.541507 -0.468482  0.058346 -0.000249768 -0.000273662 -0.000235121  0.0117018   0.140823 0.00459473 -0.0631929  0.0332848   -9.80874 
             87.5711 -0.00985709    0.588689    -45.4267   47.6261    5.0739 0.0332702 0 0 0 0 0 0  0.528356 -0.519581 0.0510747 -0.000240585 -0.000228987 -0.000243851 0.00936106   0.141798 0.00405948 -0.0647296  0.0328195   -9.80873 
             87.6714 0.126065 0.672343 -45.9137   47.6604   5.02559 0.0171162 0 0 0 0 0 0   0.483809  -0.515124 -0.0076906 -0.000228202 -0.000312782 -0.000229535 0.0102919  0.144079 0.0067463 -0.065162 0.0343313  -9.80872 
             87.7716 0.197896 0.569449 -46.4286    47.7205    4.98011 0.00630323 0 0 0 0 0 0   0.532072  -0.496032 -0.0490323 -0.000250131 -0.000312681 -0.000256922  0.0107872   0.142553 0.00803344 -0.0643037  0.0337715   -9.80873 
             87.8717 0.152745 0.666693 -46.9938   47.7653   4.92641 0.0156613 0 0 0 0 0 0   0.485134  -0.489526 0.00114559 -0.000276135 -0.000236573 -0.000229001 0.0103586  0.143653 0.0061585 -0.0649678  0.0341473   -9.80873 
             87.9719 0.0370115   0.80286  -47.5043    47.8156    4.87975 0.00744625 0 0 0 0 0 0    0.47356  -0.504867 -0.0310633 -0.000296349 -0.000305422 -0.000252235  0.0107685   0.143317 0.00709077 -0.0646192  0.0341422   -9.80873 
             88.0721 -0.0429966   0.740127   -48.0083    47.8547    4.83378 0.00969307 0 0 0 0 0 0    0.436284   -0.499853 -0.00308531 -0.000283773 -0.000305308 -0.000243632   0.011648     0.1443 0.00663479 -0.0645465  0.0349856   -9.80873 
             88.1724 -0.0207428   0.776962   -48.5368   47.9048   4.77317 0.0254153 0 0 0 0 0 0  0.436974 -0.533711 0.0480374 -0.000274403 -0.000259111 -0.000239515 0.0103186    0.1435 0.0044415 -0.0649512  0.0340401   -9.80873 
             88.2725 0.0695272  0.845339  -49.0517   47.9361   4.72895 0.0204565 0 0 0 0 0 0    0.38805  -0.502672 0.00795231 -0.000247346 -0.000295283 -0.000229471  0.0116788   0.145049 0.00555543 -0.0648109  0.0353829   -9.80872 
             88.3727 0.240807 0.775822 -49.5446   47.9705    4.6647 0.0137465 0 0 0 0 0 0    0.38339  -0.543999 -0.0146263 -0.000239765  -0.00033713 -0.000244881  0.0100487   0.145922 0.00663661 -0.0659969  0.0352481   -9.80871 
             88.4729 0.393481 0.684454 -50.0909    48.021    4.6068 0.0135114 0 0 0 0 0 0   0.424077  -0.527117 -0.0102067 -0.000245913 -0.000283966 -0.000263425 0.00926591   0.144333 0.00647335 -0.0658319  0.0341011   -9.80872 
             88.5731 0.389052 0.804482 -50.6897    48.0746    4.56069 0.00458975 0 0 0 0 0 0   0.454614  -0.498829 -0.0500951  -0.00029154 -0.000335059 -0.000245446 0.00988183   0.142605 0.00736249 -0.064854 0.0333966  -9.80873 
             88.6733 0.189267 0.752939 -51.1867    48.1104    4.51613 -0.0055534 0 0 0 0 0 0   0.398144  -0.496946 -0.0647316 -0.000291058 -0.000348871 -0.000247132  0.0107525   0.143689 0.00805994 -0.0647607  0.0343137   -9.80873 
             88.7735 0.0993345  0.671506  -51.7281     48.142    4.47043 0.00476492 0 0 0 0 0 0    0.346983   -0.491983 -0.00475212 -0.000297638 -0.000286775 -0.000213202  0.0114628     0.1444 0.00614455 -0.0646482  0.0349468   -9.80872 
             88.8737 0.206351 0.686876 -52.1815   48.1808   4.41865 0.0198892 0 0 0 0 0 0  0.346081 -0.509112 0.0645939 -0.000258194 -0.000303284 -0.000216084   0.011286   0.143734 0.00443146 -0.0645288  0.0344983   -9.80873 
             88.9739 0.475397 0.693645 -52.6514   48.2175   4.36264 0.0268672 0 0 0 0 0 0  0.374831 -0.494297 0.0641971  -0.00024713 -0.000289747 -0.000211394  0.0104414     0.1437 0.00436218 -0.0649923  0.0341813   -9.80873 
             89.0741  0.65872 0.756659 -53.1388   48.2596   4.32103 0.0136926 0 0 0 0 0 0   0.401588  -0.454416 -0.0234727 -0.000260711 -0.000295153 -0.000219961  0.0112157   0.143065 0.00667347 -0.064303 0.0341086  -9.80873 
             89.1744 0.616519 0.701686 -53.6653    48.2957    4.26564 -0.0146516 0 0 0 0 0 0  0.383898 -0.507731 -0.109871 -0.000309719 -0.000369906 -0.000217665 0.00998803   0.143721 0.00987271 -0.0651757  0.0340828   -9.80872 
             89.2746 0.389847 0.560526 -54.1262    48.3358    4.21439 -0.0130536 0 0 0 0 0 0   0.360559  -0.536829 -0.0589247 -0.000320072 -0.000331372 -0.000207283  0.0101081   0.143271 0.00841688 -0.0649797  0.0338557   -9.80873 
             89.3748 0.252346 0.641537 -54.5282   48.3591   4.16399 0.0161793 0 0 0 0 0 0  0.298884 -0.515461 0.0651973 -0.000264291 -0.000230929 -0.000199213  0.0105432   0.144735 0.00402385 -0.0652968  0.0348231   -9.80872 
             89.4749 0.428514 0.847171 -54.8958   48.4022   4.10778 0.0236939 0 0 0 0 0 0  0.342939 -0.524469 0.0600636 -0.000282487 -0.000274788 -0.000215908 0.00988551   0.142768 0.00383071 -0.0650237  0.0334578   -9.80873 
             89.5751 0.528143  0.89813 -55.3079   48.4274   4.05454 0.0106258 0 0 0 0 0 0   0.326177  -0.518691 0.00536462 -0.000283838  -0.00030585 -0.000193144 0.00974147   0.144439 0.00653883 -0.0656236  0.0344058   -9.80872 
             89.6753  0.54674 0.914372 -55.6054    48.4558    4.00605 0.00937533 0 0 0 0 0 0    0.286433   -0.512569 -0.00922629 -0.000310921 -0.000248253 -0.000184017  0.0102895   0.144943 0.00678186 -0.0654643   0.034884   -9.80872 
             89.7756 0.491479  1.10715 -55.8572   48.4799    3.9695 0.0121204 0 0 0 0 0 0   0.223498  -0.469641 0.00302314 -0.000279578 -0.000268728 -0.000163812  0.0123111   0.145319 0.00638669 -0.0644042  0.0357622   -9.80872 
             89.8757 0.662555  1.19448 -56.0203    48.4992    3.93023 0.00917825 0 0 0 0 0 0 0.227385 -0.44814 0.010021 -0.000243297 -0.000395039 -0.000120571   0.013413   0.146001 0.00681084 -0.0639675  0.0365278   -9.80872 
             89.9759 0.928769   1.0689 -56.0657   48.5205   3.88029 0.0122908 0 0 0 0 0 0   0.24296 -0.444489  0.014545 -0.00021522 -0.00033362 -8.8534e-05  0.0126166   0.146393 0.00661378 -0.0645683  0.0364998   -9.80872 
              90.076  1.10275  1.16089 -56.0163    48.5388    3.82663 0.00876172 0 0 0 0 0 0    0.223024   -0.451281 -0.00699478   -0.0002517  -0.00029261 -6.56037e-05   0.011055   0.147166 0.00717561 -0.0657286  0.0364627   -9.80871 
             90.1763 0.914299  1.28315 -55.7193    48.5375    3.78856 -0.0157748 0 0 0 0 0 0  0.128977 -0.427912 -0.116123 -0.000249577 -0.000374259 -2.43449e-05 0.0116849  0.150573 0.0100213 -0.0663808  0.0387187    -9.8087 
             90.2764 0.662461  1.19361 -55.3288    48.5622    3.74184 -0.0250743 0 0 0 0 0 0   0.13914 -0.451614 -0.100761 -0.000222733 -0.000433861  3.83269e-06  0.0112638   0.148501 0.00971375 -0.0659702  0.0373588   -9.80871 
             90.3766 0.645822 0.950203 -54.9177     48.5957     3.68498 -0.00921409 0 0 0 0 0 0    0.183356   -0.487956 -0.00138042 -0.000152761 -0.000468532  7.09065e-06 0.00995206   0.145579 0.00667105 -0.065862 0.0351813  -9.80872 
              90.477 0.874686 0.688325 -54.5228   48.6318   3.63252 0.0158428 0 0 0 0 0 0  0.263557 -0.461276  0.092924 -0.000116159 -0.000456047  3.74867e-06 0.00939559   0.143403  0.0038035 -0.0655341  0.0337006   -9.80872 
              90.577  1.04839 0.569286 -54.1528   48.6948   3.58312 0.0107954 0 0 0 0 0 0  0.398938 -0.454043 0.0329158  -4.8877e-05 -0.000555862 -3.00484e-05 0.00894999   0.139057 0.00529425 -0.0643273  0.0310717   -9.80874 
             90.6772  1.04929 0.353621 -53.9615     48.7495     3.54028 -0.00491605 0 0 0 0 0 0   0.451677  -0.436005 -0.0400439 -5.10241e-05 -0.000565179 -5.22012e-05 0.00915275   0.137493  0.0073106 -0.0636441   0.030262   -9.80875 
             90.7774 0.926343 0.193885 -53.8893   48.8002    3.4933 -0.007591 0 0 0 0 0 0   0.448314  -0.435317 -0.0252088  -3.3646e-05 -0.000558011 -9.14871e-05 0.00878794   0.136804 0.00725902  -0.06362 0.0297516  -9.80875 
             90.8776 0.848255 0.146023 -53.9671     48.8417     3.45424 -0.00133608 0 0 0 0 0 0   0.436888  -0.414967 -0.0014125 -1.24016e-05 -0.000509493  -0.00014106 0.00926339   0.137122 0.00622213 -0.0634877  0.0300897   -9.80875 
             90.9778 0.848954 0.151624 -54.1546    48.8801    3.41679 0.00295732 0 0 0 0 0 0  0.417394 -0.376202 0.0369871 -8.33805e-07 -0.000507654 -0.000142772 0.00959293   0.137717 0.00592652 -0.063513 0.0305324  -9.80875 
              91.078  0.84793  0.18753 -54.3564  48.9145  3.38831 0.007468 0 0 0 0 0 0  0.381189 -0.326283 0.0279826 -1.58691e-05 -0.000449578 -0.000174428  0.0105392   0.138535 0.00568808 -0.0632697  0.0313063   -9.80875 
             91.1782 0.802761 0.386161 -54.6501    48.9355    3.34568 0.00448756 0 0 0 0 0 0   0.311317  -0.352104 0.00171194 -2.52877e-05 -0.000474618 -0.000174706    0.00929   0.140734 0.00627559 -0.0646898  0.0321042   -9.80873 
             91.2785 0.719632 0.417843 -54.9437     48.9623     3.29942 -0.00913649 0 0 0 0 0 0    0.29449  -0.393659 -0.0464695 -2.50042e-05 -0.000534347 -0.000193948 0.00796183   0.141377 0.00804768 -0.0656047   0.032014   -9.80873 
             91.3786 0.751184 0.387319 -55.2688     48.9825     3.27011 -0.00129462 0 0 0 0 0 0     0.254583    -0.358509 -0.000895109 -3.26259e-05 -0.000495707 -0.000196291 0.00927819   0.142552 0.00642149 -0.0652967  0.0331082   -9.80873 
              91.479 0.775206 0.455628 -55.6245         49    3.24249 0.00409839 0 0 0 0 0 0  0.236674 -0.334203    0.0189 -1.42833e-05 -0.000516386 -0.000201074  0.0104174   0.143734 0.00567909 -0.0650663  0.0341467   -9.80872 
              91.579 0.778009 0.452252 -55.9824    49.0302    3.21915 -0.0015952 0 0 0 0 0 0    0.25925  -0.308286 -0.0150052 -1.07551e-05   -0.0005208 -0.000225419  0.0117307   0.142914 0.00672501 -0.0640383  0.0341202   -9.80873 
             91.6792 0.762259 0.514286 -56.4165        49.06      3.17579 -0.000927501 0 0 0 0 0 0    0.278647   -0.349114 -0.00968788 -3.88499e-05 -0.000489281 -0.000213889  0.0101013   0.142437 0.00642683 -0.0648069  0.0333176   -9.80873 
             91.7794 0.676996 0.574444 -56.8739     49.0881     3.13727 -0.00253262 0 0 0 0 0 0    0.280107   -0.379224 -0.00670768 -3.92936e-05 -0.000526133 -0.000201103 0.00975226   0.142473 0.00650939 -0.0650146   0.033225   -9.80873 
             91.8796  0.63981 0.588256 -57.3471    49.1139    3.09325 0.00106949 0 0 0 0 0 0   0.274022  -0.412144 0.00546989 -3.82973e-05 -0.000504149 -0.000219175 0.00906089   0.142779  0.0059414 -0.0655172  0.0331755   -9.80873 
             91.9798 0.623069  0.65837 -57.8362    49.1275    3.06962 0.00843007 0 0 0 0 0 0  0.233789  -0.37222 0.0343012  -1.1341e-05 -0.000545566 -0.000210899  0.0113712   0.144877 0.00515855 -0.0648745  0.0351101   -9.80872 
               92.08  0.68385 0.651605 -58.3674    49.1564    3.02816 0.00988322 0 0 0 0 0 0  0.261732 -0.391409 0.0325591 -3.10519e-05 -0.000541693 -0.000262819  0.0109972   0.144239 0.00540673 -0.0648853  0.0346254   -9.80872 
             92.1802 0.698264 0.700951  -58.956    49.184   2.98288 0.0109069 0 0 0 0 0 0   0.27461 -0.400712 0.0133499 -3.72755e-05 -0.000485466 -0.000238833  0.0102654   0.144132 0.00565337 -0.0652721   0.034337   -9.80872 
             92.2804 0.658608 0.836503 -59.5645    49.2121    2.94096 0.00186118 0 0 0 0 0 0   0.275046  -0.410503 -0.0065566 -5.53905e-05 -0.000530822 -0.000262896  0.0101462   0.144036 0.00703914 -0.0652874  0.0342522   -9.80872 
             92.3808 0.514921 0.797299 -60.1869    49.2469    2.88666 -0.0122016 0 0 0 0 0 0   0.292882  -0.473028 -0.0612473 -5.99472e-05 -0.000544402 -0.000249215 0.00859266   0.143013 0.00864624 -0.0658627  0.0331892   -9.80872 
             92.4808 0.413614 0.702527 -60.8045    49.2646    2.83351 -0.0085457 0 0 0 0 0 0   0.238409  -0.515245 -0.0185885 -5.79168e-05  -0.00052372 -0.000253506 0.00792281   0.144295 0.00757861 -0.0666586  0.0337415   -9.80872 
             92.5809 0.389654 0.658966 -61.3804     49.2937     2.79104 -0.00022117 0 0 0 0 0 0  0.258583 -0.490274  0.015319 -2.70987e-05 -0.000517503 -0.000257798 0.00910012   0.143649 0.00636648 -0.0657853  0.0336943   -9.80872 
             92.6812 0.553184 0.650859 -62.0325    49.3191    2.73846 0.00478324 0 0 0 0 0 0   0.27662  -0.48947 0.0293935 -4.72054e-05 -0.000516578 -0.000259631 0.00853927   0.143722 0.00596809 -0.0661486  0.0335735   -9.80872 
             92.7813 0.561758 0.685697 -62.6771     49.3415     2.70441 0.000109782 0 0 0 0 0 0    0.265073    -0.44985 -0.00583409 -6.55682e-05 -0.000529876 -0.000258518  0.0103483   0.144828 0.00683462 -0.0653573  0.0347636   -9.80872 
             92.8815 0.396442  0.70706 -63.3108    49.3615     2.6613 -0.0156011 0 0 0 0 0 0   0.238794  -0.459949 -0.0588537 -0.000114308 -0.000559982 -0.000236427  0.0105608   0.145898 0.00870401 -0.0654992  0.0354822   -9.80872 
             92.9817 0.121173 0.683815 -63.8608    49.3841    2.59805 -0.0147736 0 0 0 0 0 0   0.202291  -0.539901 -0.0191326 -0.000105881 -0.000529478 -0.000241044 0.00855716   0.145496 0.00785805 -0.0666277  0.0346796   -9.80871 
              93.082 0.0517123   0.74458    -64.43    49.4079    2.54681 0.00440195 0 0 0 0 0 0  0.211872 -0.545479 0.0489348 -5.14046e-05 -0.000512124 -0.000226876 0.00918057   0.144958 0.00515944 -0.0661289  0.0345042   -9.80872 
             93.1833 0.290189 0.797136 -64.9361   49.4295   2.48945 0.0203461 0 0 0 0 0 0  0.226321 -0.571491   0.10515 -4.90018e-05 -0.000534978 -0.000250907 0.00909472   0.144925 0.00404865 -0.0661836  0.0344545   -9.80872 
             93.2827 0.527383 0.735734 -65.5274   49.4465   2.43828 0.0121102 0 0 0 0 0 0  0.227251 -0.565164 0.0400677 -6.09145e-05 -0.000534589 -0.000218271 0.00964974   0.145943 0.00586851 -0.066087 0.0352455  -9.80871 
             93.3828   0.6736 0.709106 -66.1287     49.4753     2.37432 -0.00565303 0 0 0 0 0 0   0.267684   -0.60187 -0.0578766  -0.00010171  -0.00055484 -0.000207191 0.00887862   0.145145 0.00823882 -0.0663341  0.0345585   -9.80871 
              93.485  0.59467  0.67895 -66.6562   49.4967   2.33226 -0.016141 0 0 0 0 0 0   0.227016  -0.555553 -0.0719394 -0.000102262 -0.000539601 -0.000195848 0.0112061    0.1462 0.0088638 -0.0651296  0.0358174   -9.80872 
             93.5834 0.493977 0.607822 -67.1259    49.5347    2.27213 -0.0153012 0 0 0 0 0 0   0.266786  -0.576551 -0.0366754 -9.28691e-05 -0.000567441 -0.000210932  0.0109992   0.143872 0.00795096 -0.0646929  0.0342917   -9.80873 
             93.6831 0.428237 0.531049 -67.6198     49.5517     2.21187 -0.00763351 0 0 0 0 0 0   0.232328  -0.592113 0.00106503 -9.01484e-05 -0.000560351 -0.000190609  0.0104357   0.145077 0.00649409 -0.0653693  0.0349133   -9.80872 
             93.7835 0.424103 0.407608 -68.0495     49.5813     2.15204 -0.00397357 0 0 0 0 0 0  0.248962 -0.612139 0.0289724  -0.00010228 -0.000570636 -0.000176483  0.0106754    0.14419 0.00628542 -0.0650043  0.0344071   -9.80872 
             93.8836  0.33771 0.353793 -68.4437     49.6003     2.08888 -0.00305537 0 0 0 0 0 0  0.208025 -0.614945  0.017318  -9.4042e-05 -0.000539126 -0.000162745  0.0103625   0.144808 0.00651891 -0.0653492  0.0347262   -9.80872 
             93.9837 0.339526 0.395536 -68.6798      49.6158      2.04239 -0.000147642 0 0 0 0 0 0  0.178461 -0.572024 0.0124423 -7.62674e-05 -0.000522119 -0.000143294  0.0121631   0.145893 0.00624089 -0.0644583   0.035848   -9.80872 
             94.0863 0.417384 0.341399 -68.9226     49.635     1.9811 0.00546889 0 0 0 0 0 0  0.178583 -0.579264 0.0357852 -5.15384e-05 -0.000552016 -0.000143628  0.0119401   0.145641 0.00585252 -0.0645463  0.0356347   -9.80872 
             94.1842  0.61084 0.249117 -69.1603    49.6486     1.9098 0.00803273 0 0 0 0 0 0  0.180586 -0.619145 0.0283231 -6.23742e-05 -0.000529219 -0.000150127 0.0099741  0.145825 0.0059207 -0.065849 0.0352947  -9.80872 
             94.2855 0.700034 0.242709 -69.4204      49.6787      1.84937 -0.000147349 0 0 0 0 0 0   0.222437  -0.614382 -0.0175282 -7.22295e-05 -0.000533771 -0.000135166  0.0106802   0.144284 0.00730539 -0.0650228  0.0344648   -9.80872 
             94.3846 0.672655 0.194689 -69.6901    49.7115     1.7781 -0.0132067 0 0 0 0 0 0   0.258735  -0.649438 -0.0549831 -9.52729e-05 -0.000519291  -0.00012984 0.00958765   0.142269  0.0088211 -0.0652405  0.0329135   -9.80873 
              94.485 0.585141 0.170267 -69.9135    49.7339    1.71007 -0.0120816 0 0 0 0 0 0   0.237888   -0.66518 -0.0176896 -9.72021e-05  -0.00051082 -0.000140714 0.00907595   0.142547 0.00798743 -0.0656449  0.0329789   -9.80872 
             94.5851 0.517974 0.284486 -70.1854   49.7544   1.63681 -0.004061 0 0 0 0 0 0  0.206386 -0.682184 0.0111125  -7.8093e-05 -0.000481918 -0.000130711 0.00806732   0.142582 0.00663654 -0.0663207  0.0327797   -9.80872 
             94.6851  0.55038  0.41581 -70.4106     49.7885     1.57989 0.000876663 0 0 0 0 0 0  0.235563 -0.643287 0.0360889 -8.53072e-05 -0.000475219 -0.000122812  0.0100657   0.140982 0.00621479 -0.0646815  0.0322028   -9.80873 
             94.7853 0.647929 0.462464 -70.6275     49.811    1.51135 0.00679821 0 0 0 0 0 0  0.243494 -0.655676 0.0468769 -8.62165e-05 -0.000486497 -0.000124893 0.00939366   0.141104 0.00594971 -0.0651449  0.0321319   -9.80873 
             94.8854 0.708362 0.493027 -70.8422    49.8192    1.43789 0.00492485 0 0 0 0 0 0  0.193869 -0.687272 0.0291924 -8.07126e-05 -0.000496198 -0.000129906 0.00770717   0.143154 0.00680389 -0.066673  0.033075  -9.80872 
             94.9857 0.716264 0.535076 -71.0534     49.8538     1.38107 -0.00434035 0 0 0 0 0 0    0.246985   -0.636377 -0.00770671 -7.29193e-05 -0.000488093  -0.00014499  0.0096609    0.14148 0.00825815 -0.0650235  0.0324272   -9.80873 
             95.0872 0.677064 0.644097 -71.2874     49.8634     1.32407 -0.00550631 0 0 0 0 0 0   0.175426  -0.607837 -0.0237705 -8.66393e-05 -0.000447808 -0.000132286  0.0100774   0.143739 0.00816346 -0.0652517  0.0339731   -9.80872 
             95.1861 0.644361 0.738471 -71.4776     49.8879      1.2689 -0.00688076 0 0 0 0 0 0   0.190789  -0.592824 -0.0128062 -6.65315e-05 -0.000475783 -0.000129486  0.0109787   0.142867 0.00812803 -0.064482 0.0336082  -9.80873 
             95.2862 0.621959 0.771521 -71.6906     49.8986     1.19825 -0.00920931 0 0 0 0 0 0  0.160306 -0.629156 -0.019517 -8.00575e-05 -0.000472151 -0.000128863 0.00929139   0.143559 0.00824785 -0.0657163  0.0336877   -9.80872 
             95.3864 0.630576 0.940775 -71.8107     49.9185     1.14142 -0.00489445 0 0 0 0 0 0   0.169661  -0.590989 0.00336762 -7.45922e-05 -0.000458935 -0.000101936  0.0100942   0.143245 0.00751009 -0.0651442  0.0336571   -9.80873 
             95.4888 0.596296 0.995057 -71.7881     49.9423     1.07663 -0.00701015 0 0 0 0 0 0   0.182119  -0.604484 -0.0261471 -7.14037e-05 -0.000501364 -8.70427e-05 0.00988925    0.14219 0.00757032 -0.0650486  0.0329343   -9.80873 
             95.5868 0.604966 0.887923 -71.6383      49.943     1.02497 -0.00392027 0 0 0 0 0 0   0.120121  -0.583893 0.00489873 -7.09264e-05 -0.000501022 -7.49793e-05  0.0103559   0.144606 0.00703303 -0.0652751  0.0345839   -9.80872 
              95.687 0.692491 0.769782 -71.4614     49.9719     0.97981 -0.00121919 0 0 0 0 0 0  0.182625 -0.538531 0.0131805 -6.65776e-05 -0.000472921 -7.49726e-05  0.0125655   0.142958 0.00681767 -0.0635081  0.0339997   -9.80874 
             95.7872 0.793954 0.786446 -71.2379    49.9816   0.917494 0.00112022 0 0 0 0 0 0  0.156684 -0.557767  0.019477   -4.323e-05 -0.000459106 -6.81298e-05  0.0113196   0.143715 0.00671877 -0.0644695  0.0342144   -9.80873 
             95.8874  0.79917 0.754703 -70.9219      50.006    0.864625 -0.00892274 0 0 0 0 0 0   0.190944  -0.545097 -0.0203289 -7.13643e-05 -0.000464057 -4.29506e-05  0.0118382   0.142896 0.00809443 -0.0639372  0.0338106   -9.80873 
             95.9876 0.779036 0.697521 -70.4881    50.0226   0.807251 -0.0145504 0 0 0 0 0 0   0.180985  -0.558672 -0.0281566 -6.57413e-05 -0.000461341 -2.53567e-05  0.0114792   0.143155 0.00850203 -0.0642143  0.0338972   -9.80873 
             96.0878 0.738153 0.684148 -70.0411    50.0497   0.760162 -0.0116536 0 0 0 0 0 0   0.203429  -0.538367 -0.0176554  -7.0411e-05  -0.00043958 -3.12422e-05  0.0127124   0.142258 0.00791859 -0.0632484  0.0336058   -9.80874 
              96.188 0.798804 0.746443 -69.5035     50.0744     0.70234 -0.00358266 0 0 0 0 0 0  0.227917 -0.555262  0.016585 -7.56075e-05  -0.00043589 -2.17341e-05 0.0123012  0.141639 0.0066749 -0.0633878  0.0331237   -9.80874 
             96.2882 0.808198 0.643354 -68.8627    50.0849   0.642496 -0.0101472 0 0 0 0 0 0   0.202642  -0.583439 -0.0130955 -6.64256e-05 -0.000499261  1.63816e-05  0.0114696   0.143299 0.00765864 -0.0642686   0.033964   -9.80873 
             96.3889 0.767816 0.493371 -68.0788    50.0972   0.587693 -0.0169182 0 0 0 0 0 0  0.183387 -0.586101 -0.038119 -6.81869e-05 -0.000477743  2.86808e-05  0.0118805   0.144697 0.00835493 -0.0643305    0.03492   -9.80873 
             96.4896  0.73368 0.529963 -67.1453     50.128   0.531159 -0.0132085 0 0 0 0 0 0   0.227968  -0.567952 -0.0175903 -6.98401e-05 -0.000423001  1.33692e-05  0.0124787   0.143127 0.00739846 -0.0636067  0.0341074   -9.80873 
              96.589 0.709985  0.56787 -66.1927    50.1572   0.483285 -0.0135274 0 0 0 0 0 0   0.256889   -0.55651 -0.0214294 -6.22025e-05 -0.000450617  4.10584e-05  0.013687   0.14249 0.0072236 -0.0627253  0.0340211   -9.80874 
             96.6908 0.675714 0.453517 -65.1774    50.2052    0.43734 -0.0147673 0 0 0 0 0 0   0.344167  -0.521896 0.00192342  -3.2346e-05 -0.000490471  5.07441e-05  0.0153012   0.140268 0.00726464 -0.0612029  0.0331162   -9.80875 
             96.7892 0.644977 0.451114 -64.1808     50.229   0.369485 -0.0138203 0 0 0 0 0 0   0.313443  -0.557157 -0.0173665    -6.19e-06 -0.000408812  2.91977e-05  0.0132419   0.141264 0.00697494 -0.0626702  0.0331582   -9.80874 
             96.8895 0.593818  0.54264 -63.2579    50.2503   0.301274 -0.0116649 0 0 0 0 0 0   0.303047  -0.597772 0.00458695  3.28819e-05 -0.000432215  5.70422e-07  0.0116887   0.142482 0.00651394 -0.0638962  0.0334358   -9.80873 
             96.9897 0.577296 0.403434 -62.4594    50.2794   0.221865 -0.0124721 0 0 0 0 0 0   0.315751  -0.668616 0.00621809  4.72449e-05  -0.00044595 -1.64843e-05 0.00943198   0.142519 0.00672236 -0.0651716   0.032835   -9.80873 
             97.0898 0.561408 0.378906 -61.8309    50.3232   0.152905 -0.0099054 0 0 0 0 0 0  0.366082 -0.670829 0.0051173  5.90094e-05 -0.000392546  -4.9679e-05 0.00928881   0.141028 0.00632034 -0.0648316  0.0319767   -9.80873 
               97.19 0.541154 0.453891 -61.3589     50.3594   0.0708432 -0.00518269 0 0 0 0 0 0  0.362832 -0.731473 0.0128023  6.78802e-05 -0.000392872  -6.3666e-05 0.00766089   0.141012 0.00581037 -0.0657142  0.0314967   -9.80873 
             97.2908 0.536302 0.401104 -60.9992    50.4034 0.00114798 -0.0116493 0 0 0 0 0 0   0.400332  -0.734311 0.00197678  6.10746e-05 -0.000395187 -8.61111e-05 0.00816868   0.140288 0.00689366 -0.065215 0.0312648  -9.80873 
             97.3903 0.521736 0.401059 -60.6272    50.4553 -0.0697995 -0.0167192 0 0 0 0 0 0   0.443507  -0.733044 -0.0263105  8.39298e-05 -0.000364148 -0.000104796 0.00836808   0.138935 0.00741241 -0.0646965  0.0306202   -9.80874 
             97.4909 0.536567 0.553591 -60.3537    50.4914  -0.147199 -0.0134874 0 0 0 0 0 0    0.428017   -0.739705 -0.00122965  8.19593e-05 -0.000346838 -0.000109859 0.00783559   0.139988 0.00652802 -0.0653032  0.0309987   -9.80873 
             97.5908   0.5498 0.606502 -60.1608     50.5252   -0.224999 -0.00594435 0 0 0 0 0 0  0.408352 -0.754447 0.0298815  8.22314e-05 -0.000363031 -0.000116623 0.00743201   0.141084 0.00553352 -0.0658582  0.0314291   -9.80873 
             97.6909 0.572391  0.53781 -60.0058     50.5607    -0.28437 -0.00603836 0 0 0 0 0 0  0.406709 -0.700215 0.0189758  8.80348e-05  -0.00039583 -0.000128077 0.00922631   0.141834 0.00597264 -0.0651805  0.0323616   -9.80873 
             97.7911  0.58398 0.546418 -59.9894   50.5922 -0.361083  -0.01017 0 0 0 0 0 0    0.38367  -0.721402 -0.0122498  9.57191e-05 -0.000371749 -0.000192161 0.00854709   0.142946 0.00659511 -0.0658563  0.0327074   -9.80872 
             97.8914 0.545456  0.58999 -60.1938     50.641  -0.444875 -0.0109449 0 0 0 0 0 0   0.415103  -0.755828 0.00483149  7.04141e-05 -0.000367006 -0.000222468 0.00726655   0.141799 0.00665942 -0.0661328  0.0317413   -9.80873 
             97.9915 0.441967 0.510031 -60.5345    50.6862  -0.516543 -0.0151537 0 0 0 0 0 0    0.413021   -0.754364 -0.00852514  5.22055e-05 -0.000385753 -0.000235065 0.00782704   0.141356 0.00730699 -0.0657092  0.0316998   -9.80873 
             98.0917 0.326362 0.496814 -60.9221    50.7406  -0.585978 -0.0140921 0 0 0 0 0 0   0.446943  -0.730043 -0.0218666  8.60649e-05 -0.000349194 -0.000245475 0.00858802   0.139673 0.00697089 -0.0648152  0.0311035   -9.80874 
              98.192 0.368888 0.564536 -61.3622     50.7763   -0.665223 -0.00100881 0 0 0 0 0 0  0.417773 -0.751349 0.0435977  9.88388e-05 -0.000364882 -0.000247043 0.00792667   0.140687  0.0050083 -0.065478 0.0313958  -9.80873 
             98.2936 0.456705 0.449715 -61.8603    50.8055  -0.737459 0.00276768 0 0 0 0 0 0  0.382097 -0.752735 0.0543494   0.00013779 -0.000426569 -0.000238493 0.00841282   0.142316 0.00518216 -0.0657318  0.0323585   -9.80873 
             98.3923 0.561144 0.263026 -62.3888     50.8379   -0.814264 -0.00497697 0 0 0 0 0 0    0.381761   -0.755778 0.000541243  0.000128547 -0.000390295 -0.000244979 0.00803543   0.143056 0.00673566 -0.066128 0.0326202  -9.80872 
              98.493 0.572794 0.289492 -62.9619    50.8695  -0.883102 -0.0130827 0 0 0 0 0 0   0.355553   -0.73444 -0.0122132  9.11642e-05 -0.000389165 -0.000243693 0.00875685   0.143861 0.00773223 -0.0659898  0.0332453   -9.80872 
             98.5927 0.500334 0.246243 -63.5435     50.8934   -0.958554 -0.00717676 0 0 0 0 0 0  0.299152   -0.7496 0.0300877  6.01595e-05 -0.000409158 -0.000262133 0.00852153   0.145092 0.00689369 -0.0664832  0.0338089   -9.80872 
              98.693 0.427125 0.164048 -64.1825     50.9253    -1.02784 -0.00826023 0 0 0 0 0 0   0.289448  -0.731314 0.00212421  6.55978e-05 -0.000374207 -0.000256092  0.0092806    0.14484 0.00730431 -0.0660119   0.033898   -9.80872 
             98.7931 0.444651 0.257909 -64.8158     50.9738    -1.10533 -0.00927799 0 0 0 0 0 0   0.342915  -0.738717 -0.0205225  8.91928e-05 -0.000387707 -0.000246855 0.00889772   0.142445 0.00738935 -0.0655289  0.0325321   -9.80873 
             98.8933 0.502113 0.217367 -65.4447    51.0081   -1.17519 -0.0054393 0 0 0 0 0 0  0.345151 -0.733742 0.0298144  7.99647e-05 -0.000418041 -0.000255759 0.00941094   0.142513 0.00685134 -0.0652827  0.0327146   -9.80873 
             98.9935  0.51907 0.146074 -66.0764    51.0348   -1.23439 -0.0141665 0 0 0 0 0 0   0.329317  -0.693041 -0.0231109  7.64651e-05 -0.000403999 -0.000258967  0.0110009   0.143658 0.00827978 -0.0647327  0.0337624   -9.80873 
             99.0952 0.488138 0.278958 -66.7233     51.074   -1.30745 -0.0191311 0 0 0 0 0 0   0.336404  -0.681867 -0.0406893  4.49638e-05 -0.000378382 -0.000255384  0.0106192   0.142745 0.00865874 -0.0646874  0.0331634   -9.80873 
             99.1939  0.39843 0.280494 -67.3256    51.1122   -1.37942 -0.0102653 0 0 0 0 0 0  0.324704 -0.706459 0.0310458  1.78893e-05 -0.000399732 -0.000277335  0.0102588   0.141823 0.00714871 -0.0646567  0.0325687   -9.80873 
             99.2941 0.296183 0.214344 -67.9788    51.1361    -1.4554 -0.0116083 0 0 0 0 0 0   0.273015  -0.721913 0.00983372  4.25436e-05 -0.000381301 -0.000257329 0.00961267   0.142671 0.00772734 -0.0652273  0.0328658   -9.80873 
             99.3943 0.286451 0.396247 -68.5873    51.1651   -1.52475 -0.0125059 0 0 0 0 0 0   0.255547  -0.699857 -0.0157849  6.72723e-05 -0.000368248 -0.000233864 0.00991023   0.142361 0.00781636 -0.0649817  0.0327689   -9.80873 
             99.4948 0.391832 0.375516 -69.1602    51.1979   -1.60008 0.00332823 0 0 0 0 0 0  0.283651 -0.723261 0.0620401  7.06948e-05 -0.000395907 -0.000233684 0.00950894   0.141451 0.00580051 -0.0649964  0.0321603   -9.80873 
             99.5947 0.514649 0.270311  -69.744     51.2173     -1.6725 -0.00282445 0 0 0 0 0 0   0.250543  -0.719505 0.00156158   5.3068e-05  -0.00038152 -0.000229522 0.00932135   0.142536 0.00724967 -0.0653559  0.0327266   -9.80873 
             99.6948 0.528342 0.357476 -70.2753    51.2466   -1.74625 -0.0123997 0 0 0 0 0 0    0.25014  -0.708771 -0.0406995  2.29564e-05 -0.000340339 -0.000229739 0.00907605   0.141954 0.00842128 -0.0653437  0.0323337   -9.80873 
             99.7951 0.444783 0.407128 -70.8156     51.2675    -1.80393 -0.00842357 0 0 0 0 0 0   0.220902  -0.671854 0.00923505  1.32526e-05 -0.000399455 -0.000235394  0.0105272   0.142648 0.00740846 -0.0646865  0.0330774   -9.80873 
             99.8954  0.44459 0.277184 -71.3537     51.2946    -1.88434 -0.00772583 0 0 0 0 0 0   0.230116  -0.709754 0.00360748   9.4651e-06 -0.000400371 -0.000232973 0.00916948   0.141715 0.00744017 -0.0652537   0.032223   -9.80873 
             99.9955 0.451696 0.409479 -71.9063    51.3108   -1.94444 -0.0117818 0 0 0 0 0 0   0.199458  -0.641942 -0.0238835  1.10465e-05 -0.000356628 -0.000228258  0.0100046   0.142691 0.00790147 -0.0649858  0.0329797   -9.80873 
             100.096 0.470234 0.498671 -72.3905     51.3344     -1.9981 -0.00727626 0 0 0 0 0 0    0.21514  -0.606304 0.00258214  7.29805e-06 -0.000385324 -0.000240217  0.0112404   0.142493 0.00710817 -0.0642285  0.0331413   -9.80873 
             100.196 0.445614  0.41252 -72.9128     51.3576     -2.0594 -0.00397973 0 0 0 0 0 0    0.2006 -0.603345 0.0208702  1.24974e-05 -0.000408983 -0.000214064  0.0112661   0.142233 0.00679542 -0.0641599  0.0329947   -9.80873 
             100.296 0.440585 0.434881 -73.3534    51.3886    -2.1365 -0.0125218 0 0 0 0 0 0   0.223532  -0.633738 -0.0356783   2.0554e-05 -0.000407213 -0.000219469 0.00960455   0.140448 0.00792078 -0.064744 0.0315823  -9.80874 
             100.396  0.45991  0.54235 -73.8132     51.4007       -2.19 -0.00941185 0 0 0 0 0 0    0.171074   -0.570714 -0.00573696  1.26572e-05 -0.000419582 -0.000190222   0.010246   0.141771 0.00720484 -0.0646511  0.0325029   -9.80873 
             100.496 0.474576 0.542783 -74.1074    51.4217   -2.23663 -0.0113048 0 0 0 0 0 0   0.161972  -0.500477 -0.0121253  6.02316e-07 -0.000417738 -0.000181227  0.0113843   0.141439 0.00727221 -0.0639043  0.0325418   -9.80874 
             100.597 0.462617 0.567253 -74.2411     51.4239    -2.27678 -0.00933132 0 0 0 0 0 0    0.105517   -0.453019 -0.00595463  3.00794e-05 -0.000441357 -0.000129296  0.0120092   0.143339 0.00683059 -0.0639249  0.0338043   -9.80873 
             100.697 0.493686  0.51041 -74.2398     51.4444     -2.3147 -0.00662031 0 0 0 0 0 0  0.140955 -0.416006 0.0145033  1.99172e-05 -0.000436296 -0.000125561   0.013122   0.142271 0.00654966 -0.063047 0.0333904  -9.80874 
             100.797 0.547994 0.546202 -74.1606     51.4566     -2.3579 -0.00818558 0 0 0 0 0 0   0.132719  -0.411236 0.00589024  6.25097e-07 -0.000425852 -0.000104414  0.0127663   0.142373 0.00690865 -0.063276 0.0333799  -9.80874 
             100.897 0.479151 0.541128 -74.0416     51.4674     -2.4008 -0.00608707 0 0 0 0 0 0   0.126257  -0.426967 0.00557638  2.11367e-05 -0.000444808 -9.33439e-05  0.0124815   0.142612 0.00662951 -0.0634974  0.0334655   -9.80874 
             100.997 0.459861   0.4233 -73.8899     51.4796     -2.4462 -0.00602021 0 0 0 0 0 0  0.118141 -0.440754 0.0105831 -3.74635e-06 -0.000432797  -0.00010038  0.0121937    0.14255 0.00675251 -0.0636549  0.0333706   -9.80874 
             101.098 0.434485  0.43274 -73.7652     51.4868    -2.50138 -0.00777115 0 0 0 0 0 0   0.0973866   -0.474495 -0.00934809  2.36019e-05 -0.000412223 -0.000111423  0.0107216   0.142714 0.00701466 -0.0645594  0.0331702   -9.80873 
             101.198 0.476872 0.420474 -73.6416     51.5082    -2.55105 -0.00430384 0 0 0 0 0 0 0.144122 -0.48632 0.010945  3.95201e-05   -0.0004259 -0.000120311  0.0108565   0.141334 0.00645518 -0.0642045  0.0323823   -9.80874 
             101.298 0.518658 0.355881 -73.5955     51.5143     -2.6151 -0.00659528 0 0 0 0 0 0   0.131432    -0.5395 -0.0133409  3.79579e-05 -0.000400461 -0.000110187 0.00883893   0.142035 0.00688626 -0.0655321  0.0323808   -9.80873 
             101.398 0.537057 0.347531 -73.4638     51.5474    -2.66605 -0.00875538 0 0 0 0 0 0    0.184275   -0.540615 -0.00964533 -1.14074e-05 -0.000389814 -0.000115354 0.00996333     0.1396  0.0070721 -0.0643679  0.0311857   -9.80874 
             101.498 0.479685 0.339959  -73.398     51.5622    -2.72304 -0.00936204 0 0 0 0 0 0    0.179264   -0.576138 -0.00764974  7.23174e-06  -0.00041411 -9.62617e-05 0.00962433   0.140066 0.00699732 -0.0646636  0.0313873   -9.80874 
               101.6 0.467398 0.282233 -73.2704     51.5707    -2.76924 -0.00859831 0 0 0 0 0 0  0.156706  -0.56226 0.0113538  3.04124e-05 -0.000402944 -0.000117928  0.0109188   0.141855 0.00688216 -0.0642848  0.0326988   -9.80873 
             101.699 0.498287 0.296809 -73.2313    51.5865   -2.83337 -0.0157908 0 0 0 0 0 0   0.166136  -0.599999 -0.0408018  2.45175e-05 -0.000361486 -0.000103152 0.00996313   0.141666 0.00784827 -0.0647891  0.0323859   -9.80873 
             101.799 0.479942 0.377276 -73.1599     51.5971    -2.89362 -0.00939819 0 0 0 0 0 0    0.13647  -0.611391 -0.0031619  1.21549e-05 -0.000382637 -0.000106311 0.00983001    0.14233 0.00649685 -0.0650205  0.0327452   -9.80873 
             101.899 0.428779 0.273461 -72.9651     51.6218    -2.95302 -0.00325971 0 0 0 0 0 0  0.169202 -0.619828 0.0247391  3.40807e-05 -0.000406028 -7.47425e-05  0.0105097   0.140993 0.00565061 -0.0643546  0.0321213   -9.80874 
             102.001 0.414387 0.201319 -72.6308     51.6549    -3.00158 -0.00549759 0 0 0 0 0 0     0.22977   -0.586391 -0.00215381  7.63015e-05 -0.000389156 -6.75713e-05  0.0127528    0.13952 0.00625838 -0.0627478  0.0317526   -9.80875 
               102.1 0.448385 0.184004 -72.2046     51.6783    -3.05734 -0.00806938 0 0 0 0 0 0     0.244536    -0.590113 -0.000572018  7.69005e-05 -0.000387741 -6.54524e-05  0.0130647   0.139553 0.00663117 -0.0625733  0.0318372   -9.80875 
               102.2 0.459817 0.173703  -71.799    51.6922   -3.10928 -0.0101532 0 0 0 0 0 0    0.210249   -0.580628 -0.00879856  7.13518e-05 -0.000379135 -6.55018e-05  0.0137075   0.141036 0.00683956 -0.0625292  0.0328158   -9.80875 
               102.3 0.454646 0.152874 -71.3132     51.7163    -3.17624 -0.00806771 0 0 0 0 0 0  0.224218 -0.617787 0.0114636  7.88731e-05 -0.000372121 -3.56017e-05  0.0128645   0.140424 0.00663932 -0.0628706  0.0322877   -9.80875 
             102.401 0.467991   0.1661 -70.7255     51.7408     -3.2413 -0.00520173 0 0 0 0 0 0  0.246301 -0.627847 0.0185832  9.61234e-05 -0.000375608 -6.29512e-05  0.0125958   0.140208 0.00644229 -0.0629735  0.0321078   -9.80875 
               102.5 0.495259 0.188212 -70.2651     51.7586    -3.31997 -0.00586152 0 0 0 0 0 0   0.235623  -0.679617 0.00750959  8.99848e-05 -0.000399806 -4.14595e-05 0.0105914  0.140658 0.0066908 -0.0641797  0.0318972   -9.80874 
             102.602 0.507035 0.119681 -69.7429     51.7963    -3.39159 -0.00574824 0 0 0 0 0 0   0.279544  -0.704439 0.00552972   8.0966e-05 -0.000406318 -4.47809e-05  0.0106594   0.139004 0.00678023 -0.063756 0.0310136  -9.80874 
             102.701  0.486151 0.0843236  -69.1826      51.816    -3.45639 -0.00953065 0 0 0 0 0 0   0.261995  -0.684466 -0.0116796  0.000108255  -0.00040403 -6.55882e-05  0.0110741   0.140027 0.00736935 -0.0637701   0.031658   -9.80874 
             102.801 0.557326 0.158346  -68.732    51.8231   -3.51848 -0.0123214 0 0 0 0 0 0   0.218078  -0.651223 -0.0183507  0.000121988 -0.000393203  -6.6852e-05  0.011359  0.142356 0.0075115 -0.0641827  0.0329595   -9.80873 
             102.901 0.558642 0.187014 -68.4087    51.8585    -3.5914 -0.0079114 0 0 0 0 0 0   0.273342  -0.680323 0.00129769  0.000128238 -0.000426979 -9.59302e-05  0.0107631   0.140881 0.00675845 -0.0641381  0.0320465   -9.80874 
             103.002  0.521793 0.0952967  -68.1347     51.8867    -3.66229 -0.00880719 0 0 0 0 0 0   0.285322  -0.690505 0.00372373  0.000108763 -0.000423975 -0.000114102  0.0104775   0.140832 0.00697037 -0.0642709  0.0319487   -9.80874 
             103.102 0.453101 0.119828 -67.9277    51.9144   -3.73155 -0.0151781 0 0 0 0 0 0   0.276404  -0.688273 -0.0297688  0.000107077 -0.000410145 -0.000123307  0.0103848   0.140835 0.00774568 -0.0643106  0.0319234   -9.80874 
             103.205 0.428907 0.129718 -67.7803     51.9468    -3.80339 -0.00701448 0 0 0 0 0 0  0.275422 -0.687768 0.0121167  0.000135753  -0.00041314 -0.000116561   0.010376   0.140284 0.00638191 -0.0641874  0.0316495   -9.80874 
             103.302 0.489452 0.125489 -67.5995    51.9732   -3.85916 0.00215666 0 0 0 0 0 0  0.277245 -0.638639 0.0430437  0.000176293  -0.00041985 -0.000127124  0.0114175   0.140433 0.00545253 -0.063714 0.0319972  -9.80874 
             103.402    0.6512 0.0802398  -67.4546    51.9922   -3.92009 0.00102012 0 0 0 0 0 0   0.251429  -0.604807 0.00924417  0.000163794 -0.000412117 -0.000123076  0.0114952   0.141397 0.00599332 -0.0639213   0.032493   -9.80874 
             103.502   0.70689 0.0630641  -67.3384     52.0156    -3.99811 -0.00250077 0 0 0 0 0 0    0.243536   -0.628755 -0.00857065  0.000153808 -0.000408352 -0.000128233 0.00958366   0.141443 0.00654781 -0.0648684  0.0320125   -9.80873 
             103.602  0.683149 0.0470644  -67.2751      52.035    -4.06253 -0.00553862 0 0 0 0 0 0    0.219051   -0.623306 -0.00604588  0.000128475 -0.000439768 -0.000158849 0.00935109   0.141961 0.00683684 -0.0651149  0.0322033   -9.80873 
             103.703    0.600345 -0.00957102    -67.2782    52.0654   -4.12167 -0.0105474 0 0 0 0 0 0   0.244114   -0.59891 -0.0373636  0.000141054 -0.000412013  -0.00016816 0.00966693    0.14116 0.00727578 -0.0647442  0.0318948   -9.80873 
             103.803   0.58334 0.0698153  -67.4216    52.0943   -4.18329 -0.0133784 0 0 0 0 0 0  0.257069  -0.57749 -0.034502  0.000146205 -0.000408345 -0.000185375 0.00940868   0.140668 0.00719675 -0.0647403  0.0315895   -9.80874 
             103.903  0.579474 0.0293476  -67.6356      52.1058     -4.25026 -0.000191896 0 0 0 0 0 0  0.220379 -0.610304 0.0235115   0.00014343 -0.000444483 -0.000208569 0.00842629    0.14203 0.00507003 -0.0655997  0.0319986   -9.80873 
             104.005  0.526292 -0.136016  -67.8689      52.1274     -4.31174 -0.000365295 0 0 0 0 0 0  0.218439 -0.623403  0.018476  0.000138298 -0.000449313 -0.000200615 0.00856719   0.142163 0.00545609 -0.0655624  0.0320975   -9.80873 
             104.103  0.486003 -0.218516  -68.1462     52.1485    -4.36655 -0.00574217 0 0 0 0 0 0    0.219241   -0.584589 -0.00139183   0.00014767 -0.000459922 -0.000219557 0.00911567    0.14226 0.00641713 -0.0653128  0.0322811   -9.80873 
             104.205  0.456464 -0.337908  -68.4992     52.1683    -4.41803 0.000728167 0 0 0 0 0 0  0.214983 -0.578874 0.0217222  0.000137754 -0.000460584 -0.000233484 0.00993421   0.142638  0.0054562 -0.0650252  0.0326857   -9.80873 
             104.304  0.371681 -0.496294  -68.9759    52.1903   -4.47857 0.00208371 0 0 0 0 0 0  0.208231 -0.608135 0.0277216  0.000129615 -0.000450228  -0.00021713 0.00966634   0.142466 0.00566076 -0.0651091   0.032531   -9.80873 
             104.404  0.324408 -0.475868  -69.3944     52.2145     -4.5467 -0.00777093 0 0 0 0 0 0   0.209109  -0.640846 -0.0321817  0.000138124 -0.000434716 -0.000227908 0.00897463    0.14195 0.00698659 -0.0653045  0.0320846   -9.80873 
             104.504  0.326524 -0.450983  -69.8291    52.2332   -4.61076 0.00207495 0 0 0 0 0 0   0.18525  -0.64164 0.0307276  0.000156374 -0.000435443 -0.000232037 0.00893562   0.142098 0.00548338 -0.065371  0.032169  -9.80873 
             104.604   0.44337 -0.439305  -70.3268    52.2472   -4.66405 0.00123572 0 0 0 0 0 0   0.172151  -0.614641 -0.0163558  0.000177724 -0.000443768 -0.000196132 0.00995033   0.142759 0.00571451 -0.0650311  0.0327454   -9.80873 
             104.705  0.636686 -0.510492  -70.7919    52.2675   -4.72024 0.00842204 0 0 0 0 0 0  0.193136 -0.615764 0.0379514  0.000166744 -0.000455106 -0.000229765  0.0105408   0.142598 0.00484623 -0.0647031  0.0328224   -9.80873 
             104.805  0.747906 -0.593248   -71.326     52.2859    -4.78839 -0.00375633 0 0 0 0 0 0   0.207912  -0.643754 -0.0235486  0.000129318 -0.000418039 -0.000223558 0.00990009    0.14277 0.00668553 -0.0650513  0.0327271   -9.80873 
             104.905  0.709329 -0.480736  -71.8029    52.3043   -4.85046 -0.0144817 0 0 0 0 0 0   0.199402  -0.633686 -0.0737841  9.56089e-05 -0.000397348 -0.000224237  0.0100324   0.143019 0.00756538 -0.0650341  0.0328708   -9.80873 
             105.005  0.542246 -0.375581  -72.3101     52.3325    -4.91566 -0.00432845 0 0 0 0 0 0    0.215021   -0.640981 -0.00402906  6.90224e-05 -0.000443825 -0.000214749 0.00993546   0.141973 0.00552231 -0.0648631  0.0323452   -9.80873 
             105.105    0.3865 -0.357901  -72.8399     52.3535    -4.97013 -0.00480714 0 0 0 0 0 0   0.193234  -0.621238 -0.0250827  5.81062e-05 -0.000423958   -0.0002405  0.0109494      0.142 0.00536347 -0.0643482   0.032593   -9.80873 
             105.206  0.282109 -0.250603  -73.2993    52.3631   -5.03239 0.00463277 0 0 0 0 0 0  0.150798 -0.629668 0.0379907  0.000102829 -0.000444357  -0.00018843  0.0108013    0.14293 0.00417528 -0.0646433  0.0330593   -9.80873 
             105.306   0.30485 -0.276682  -73.8033   52.3868  -5.11756 0.0103331 0 0 0 0 0 0  0.166717 -0.715371 0.0249221  0.000116889 -0.000456345 -0.000220989  0.0090142   0.141601 0.00392637 -0.0652873  0.0319722   -9.80873 
             105.406  0.399522 -0.169001    -74.25      52.4152     -5.17666 -8.24683e-06 0 0 0 0 0 0   0.190231  -0.659034 -0.0209479  0.000130552 -0.000431389 -0.000155145  0.0105059   0.140684 0.00546861 -0.0642955  0.0317944   -9.80874 
             105.506  0.506177 -0.160625  -74.5576    52.4396   -5.23115 0.00643264 0 0 0 0 0 0   0.220436   -0.63756 0.00346251  0.000166326 -0.000433035 -0.000166361  0.0119755   0.140367 0.00433528 -0.0634552  0.0319487   -9.80874 
             105.606  0.694311 -0.263825  -74.8622   52.4677  -5.29059 0.0180446 0 0 0 0 0 0  0.248586 -0.628971 0.0468124  0.000167322 -0.000412515 -0.000150862  0.0125986   0.139907 0.00319261 -0.0630352  0.0318435   -9.80875 
             105.707 0.749644 -0.29693 -75.2425    52.4749   -5.36505 0.00977957 0 0 0 0 0 0  0.206723 -0.668882 0.0261486  7.68718e-05 -0.000402542 -0.000153287  0.0110416   0.141607 0.00481784 -0.0642028   0.032418   -9.80874 
             105.807    0.7056 -0.303642  -75.5707    52.4918   -5.42893 0.00779871 0 0 0 0 0 0   0.177775  -0.669557 0.00133925   3.8085e-05 -0.000387695 -0.000158166  0.0112748   0.141882 0.00522664 -0.0641291  0.0326089   -9.80874 
             105.907  0.578695 -0.270331  -75.9071   52.5058  -5.49921 0.0147442 0 0 0 0 0 0  0.154116 -0.673238 0.0265358  7.63707e-05 -0.000404086  -0.00014079  0.0108243   0.142025 0.00439677 -0.0644092  0.0326056   -9.80873 
             106.007  0.635882 -0.234626  -76.2388    52.529  -5.57291 0.0191093 0 0 0 0 0 0  0.172047 -0.695499 0.0240004  9.50911e-05 -0.000436645 -0.000147724  0.0104419   0.141037 0.00406976 -0.0644249  0.0319995   -9.80874 
             106.107  0.695192 -0.243824  -76.5907   52.5291  -5.64389 0.0182072 0 0 0 0 0 0  0.138516 -0.697895  0.013122  6.32978e-05 -0.000421589  -0.00015138 0.00976627   0.143139 0.00459619 -0.0651946  0.0330038   -9.80873 
             106.208  0.712159 -0.266177  -76.9096   52.5535  -5.71476 0.0140872 0 0 0 0 0 0   0.166287  -0.707496 0.00560339  5.31954e-05 -0.000425648 -0.000154916  0.0100538   0.141776 0.00540382 -0.0647693  0.0323073   -9.80873 
             106.309  0.703091 -0.250618  -77.2918   52.5757  -5.80118 0.0120862 0 0 0 0 0 0    0.173484   -0.752752 -0.00428447  4.81567e-05  -0.00043413 -0.000164292 0.00858025   0.140596 0.00568824 -0.0653488  0.0313807   -9.80873 
             106.408  0.695062 -0.232001  -77.6448   52.5952  -5.85348 0.0113342 0 0 0 0 0 0     0.16145   -0.679984 -0.00349673  5.30675e-05 -0.000426212 -0.000166307   0.011247   0.140962 0.00567275 -0.0639553  0.0320782   -9.80874 
             106.508  0.713008 -0.255188  -78.0055   52.6124  -5.92245 0.0164818 0 0 0 0 0 0   0.15787    -0.688 0.0161543  6.08699e-05 -0.000424184 -0.000170494 0.0111776  0.140824 0.0049679 -0.0639754   0.031997   -9.80874 
             106.608  0.798333 -0.341272   -78.392   52.6136  -6.00104 0.0169624 0 0 0 0 0 0  0.118852 -0.721082 0.0151915  4.87453e-05 -0.000414413 -0.000172636 0.00963434   0.142237 0.00518148 -0.0650792  0.0324965   -9.80873 
             106.709  0.865792 -0.344126  -78.7937   52.6265  -6.06905 0.0154579 0 0 0 0 0 0   0.124607  -0.695832 0.00170248  3.76424e-05 -0.000402584 -0.000141256  0.0100617   0.142283 0.00552551 -0.0648471  0.0325939   -9.80873 
             106.809  0.843413 -0.302743   -79.083   52.6332  -6.13825 0.0149475 0 0 0 0 0 0  0.0923084  -0.700882 -0.0119066   3.0036e-05 -0.000426563 -0.000167105 0.00993257   0.142943 0.00547081 -0.0650341  0.0329389   -9.80873 
             106.909  0.782204 -0.407317  -79.4316   52.6587   -6.2067 0.0198372 0 0 0 0 0 0  0.136073  -0.71446 0.0232789   2.0219e-05 -0.000442126 -0.000126285  0.0107937   0.141152 0.00475243 -0.0642563  0.0320965   -9.80874 
             107.009  0.720583 -0.479286  -79.7276   52.6588  -6.29138 0.0138259 0 0 0 0 0 0  0.0906706  -0.759074 -0.0202518  2.23906e-05 -0.000418515 -0.000126039  0.0088268   0.142313 0.00578252 -0.0655403   0.032401   -9.80873 
             107.109   0.75442 -0.397882  -80.0079   52.6677  -6.35848 0.0143969 0 0 0 0 0 0  0.0837912  -0.723118 -0.0126393  2.19384e-05 -0.000403241 -0.000141215 0.00972503   0.142521 0.00554918 -0.0650734    0.03267   -9.80873 
              107.21  0.835153 -0.387152  -80.3014   52.6976  -6.42075 0.0267068 0 0 0 0 0 0  0.158202 -0.704892 0.0596462  3.87802e-05 -0.000446088 -0.000164616  0.0117142   0.140426 0.00387184  -0.06363 0.0318391  -9.80874 
              107.31 0.851707 -0.45936 -80.6752  52.7152 -6.49358 0.023373 0 0 0 0 0 0  0.170182 -0.715497 0.0186324  4.65335e-05 -0.000419602 -0.000150684  0.0116108   0.140242 0.00495565 -0.0636484  0.0317036   -9.80874 
              107.41  0.869236 -0.389473  -81.0265    52.7284   -6.56911 0.00935062 0 0 0 0 0 0   0.137639  -0.727022 -0.0561587  9.07323e-06 -0.000382182 -0.000131944  0.0110608   0.140492 0.00686499 -0.0639792  0.0317309   -9.80874 
              107.51  0.784588 -0.342445  -81.3099   52.7384  -6.64587 0.0217078 0 0 0 0 0 0  0.108079 -0.758084 0.0270671  1.39619e-05 -0.000426991 -0.000149281  0.0104826   0.140735 0.00466082 -0.0643667  0.0318097   -9.80874 
              107.61  0.720923 -0.425548   -81.611    52.742  -6.72913 0.0281001 0 0 0 0 0 0 0.0859791 -0.785545 0.0391655  1.41085e-05 -0.000426968 -0.000166704 0.00948064   0.141294 0.00421689 -0.0650245  0.0319795   -9.80873 
             107.711  0.679142 -0.359192  -81.9623   52.7556  -6.80936 0.0155582 0 0 0 0 0 0  0.0848467  -0.776998 -0.0399871  3.57218e-05  -0.00039664 -0.000157171 0.00950057   0.140675 0.00606806 -0.0649034  0.0316061   -9.80873 
             107.811   0.69333 -0.302714  -82.2938   52.7668  -6.88209 0.0267349 0 0 0 0 0 0 0.0950798 -0.768269 0.0235688  3.98962e-05 -0.000427205 -0.000172216  0.0101551   0.140544 0.00426314 -0.0645267   0.031651   -9.80874 
             107.911    0.6676 -0.403797  -82.6525   52.7791  -6.96404 0.0295795 0 0 0 0 0 0 0.0973067 -0.798632 0.0311565  6.72173e-05 -0.000438625 -0.000165093 0.00985514   0.140055 0.00430251 -0.0646268  0.0313279   -9.80874 
             108.011 0.684464 -0.40359 -82.9915   52.7801  -7.03892 0.0251393 0 0 0 0 0 0  0.0737077  -0.773542 -0.0058078  3.31475e-06  -0.00036671 -0.000155035 0.0099332  0.141321  0.005201 -0.0647549  0.0320519   -9.80873 
             108.111  0.619504 -0.281678  -83.3051   52.7967  -7.11382 0.0266209 0 0 0 0 0 0   0.100693  -0.775213 0.00820357  6.98843e-06 -0.000416798 -0.000149896  0.0106595    0.14036 0.00503306 -0.0642062  0.0316043   -9.80874 
             108.211  0.508603 -0.354593  -83.5888   52.8059  -7.18267 0.0354003 0 0 0 0 0 0 0.0937097 -0.761117  0.040426  9.48603e-06 -0.000422702 -0.000152817 0.0116576  0.140815 0.0039815 -0.0637025  0.0320149   -9.80874 
             108.312  0.451872 -0.342275  -83.8882   52.8195  -7.27316 0.0228686 0 0 0 0 0 0 0.0916957 -0.790129 -0.032091  6.04889e-06 -0.000379779  -0.00013716 0.0103005  0.139567 0.0059444 -0.0643041  0.0310919   -9.80874 
             108.412  0.467785 -0.262616  -84.1534   52.8219  -7.35073 0.0275961 0 0 0 0 0 0  0.0616713  -0.781501 0.00302722  3.33564e-05 -0.000416069  -0.00014097  0.0101587    0.14039 0.00494373 -0.0644993  0.0315584   -9.80874 
             108.512  0.527734 -0.308833  -84.4505   52.8299  -7.42418 0.0311272 0 0 0 0 0 0 0.0738956 -0.765098 0.0177544  3.38891e-05 -0.000431303 -0.000141917 0.0107791  0.140502 0.0046177 -0.0641574  0.0317072   -9.80874 
             108.612  0.538955 -0.295031  -84.7206   52.8484  -7.49984 0.0267122 0 0 0 0 0 0   0.104277  -0.750099 -0.0186826  1.00212e-06 -0.000382214 -0.000106022  0.0114121   0.139301 0.00536948 -0.0636354  0.0310854   -9.80874 
             108.712  0.405258 -0.186011  -84.7879   52.8697   -7.5756 0.0260748 0 0 0 0 0 0   0.117541  -0.755733 -0.0209185 -2.04607e-05 -0.000402645  -8.6985e-05  0.0119129   0.137915 0.00520797 -0.0631734   0.030348   -9.80875 
             108.813  0.211035 -0.232446  -84.7071   52.8939  -7.66941 0.0376309 0 0 0 0 0 0  0.131909 -0.823548 0.0465248  1.90748e-05 -0.000443573  -7.4137e-05  0.0106752   0.135485 0.00364238 -0.0635966  0.0288027   -9.80875 
             108.913 0.151041 -0.26505 -84.5858   52.9068  -7.75339 0.0303181 0 0 0 0 0 0    0.136461   -0.826933 -0.00251991  6.99309e-05 -0.000402681 -5.06152e-05   0.010493   0.135451 0.00504559 -0.0636932  0.0287492   -9.80875 
             109.013  0.268026 -0.163657  -84.3309   52.9255  -7.82772 0.0232071 0 0 0 0 0 0   0.151059  -0.789688 -0.0365909  7.60789e-05 -0.000385124 -3.78493e-05  0.0115045   0.135283 0.00581473 -0.0630872  0.0287713   -9.80875 
             109.113  0.387612 -0.108917  -84.0931  52.9366 -7.89986 0.039255 0 0 0 0 0 0  0.142875 -0.774129 0.0473818  7.41326e-05 -0.000440896 -1.29067e-05  0.0120167   0.136079 0.00346177 -0.0628958  0.0293086   -9.80875 
             109.213  0.423224 -0.159501  -83.6643   52.9617  -7.97394 0.0406031 0 0 0 0 0 0  0.182534  -0.75629 0.0407227  4.64325e-05 -0.000399409  1.84256e-05  0.0128586   0.135039 0.00389389 -0.0622808  0.0288173   -9.80876 
             109.314 0.379381 -0.08709 -83.0988   52.9707  -8.05488 0.0393049 0 0 0 0 0 0  0.158578 -0.771461 0.0139471  2.84657e-05 -0.000384242  7.50099e-05  0.0118369   0.135921 0.00445503 -0.0629749   0.029183   -9.80875 
             109.417   0.271226 -0.0701587    -82.362   53.0099  -8.12137 0.0441221 0 0 0 0 0 0  0.233461 -0.746706  0.026538  2.07397e-05 -0.000393304  0.000109914   0.014319   0.133887 0.00401752 -0.0613013  0.0283685   -9.80877 
             109.514   0.158449 -0.0814143   -81.4737   53.0291  -8.20643 0.0434496 0 0 0 0 0 0  0.222295 -0.788382 0.0187578  2.74346e-05 -0.000400667  0.000122672  0.0128715   0.133639 0.00444836 -0.0620762   0.028027   -9.80876 
             109.614  0.108796 -0.024991  -80.5476    53.063  -8.28246 0.0244275 0 0 0 0 0 0   0.252157  -0.767948 -0.0706964  9.19518e-05 -0.000386272  0.000117739  0.0136943    0.13239 0.00688315 -0.0614319  0.0274439   -9.80877 
             109.714     0.193156 -0.000735603     -79.6309   53.0547  -8.33889 0.0330555 0 0 0 0 0 0   0.174002  -0.714296 -0.0047053  9.27984e-05 -0.000378135  0.000117293 0.0145428  0.137031 0.0050338 -0.0616823  0.0301042   -9.80876 
             109.815   0.325942 -0.0904283   -78.6569  53.0597 -8.43381 0.040806 0 0 0 0 0 0  0.159843   -0.7907 0.0277122  7.11234e-05 -0.000369144  9.64622e-05  0.0117584   0.137734 0.00419313 -0.063294 0.0300361  -9.80875 
             109.915   0.328401 -0.0232288   -77.7452   53.0726  -8.50909 0.0367363 0 0 0 0 0 0    0.163315   -0.769039 -0.00732868  5.49162e-05 -0.000337952  9.33974e-05  0.0119278   0.138248 0.00487017 -0.0632901  0.0303313   -9.80875 
             110.015  0.201243 0.0584813  -76.7535   53.1021  -8.57776 0.0441004 0 0 0 0 0 0  0.208916 -0.741668 0.0126711  5.25313e-05 -0.000370263  0.000102451  0.0130243   0.137104 0.00391464 -0.0625232   0.029945   -9.80876 
             110.115 0.0697366 0.0037195  -75.7461   53.1141  -8.64612 0.0482555 0 0 0 0 0 0  0.165449 -0.721695 0.0382888  8.21891e-05 -0.000361002  9.83098e-05  0.0133977   0.138059 0.00368565 -0.0625168  0.0304946   -9.80875 
             110.215 0.0520785   0.02764  -74.7997   53.1162  -8.71869 0.0388473 0 0 0 0 0 0   0.129953  -0.708479 -0.0206189  0.000120749 -0.000348213  0.000114161  0.0130065   0.139574 0.00508365 -0.0630048  0.0311521   -9.80875 
             110.318  0.116369 0.0371292  -73.8092   53.1512  -8.79476 0.0355769 0 0 0 0 0 0   0.229797  -0.716058 -0.0179394  0.000116514 -0.000335133   0.00010208  0.0130913   0.137592 0.00529184 -0.0625542  0.0302266   -9.80875 
             110.416   0.162642 -0.0190676    -72.863  53.1693   -8.856 0.043621 0 0 0 0 0 0  0.242206 -0.691319 0.0368656  0.000127938 -0.000325142  9.24989e-05  0.0137737   0.138218 0.00432285 -0.0623742  0.0306651   -9.80875 
             110.516 0.138885 0.049405 -71.9775   53.1889  -8.94471 0.0406449 0 0 0 0 0 0    0.228316   -0.743762 -0.00687099  0.000120856 -0.000243981  5.44336e-05  0.0118226   0.138401 0.00492398 -0.0632926  0.0303112   -9.80875 
             110.616 0.0130331  0.158467  -71.1446   53.2123  -9.01206 0.0500226 0 0 0 0 0 0  0.224843 -0.729166 0.0275847  0.000125014 -0.000313164  5.80324e-05  0.0124519   0.138414 0.00362002 -0.0630232  0.0304651   -9.80875 
             110.716 -0.0758569  0.0984882   -70.2508    53.245  -9.08031 0.0493393 0 0 0 0 0 0  0.268241 -0.714628 0.0263081  0.000144535 -0.000328605   3.7902e-05  0.0129945   0.137475 0.00408857 -0.0625696  0.0301969   -9.80875 
             110.817 -0.044688  0.111912  -69.4707   53.2697  -9.15264 0.0347327 0 0 0 0 0 0   0.264662   -0.70196 -0.0519447 0.000157626 -0.00028614 1.83255e-05  0.0128319   0.137691 0.00612679 -0.0626887  0.0302422   -9.80875 
             110.917 -0.0126928   0.185202   -68.7904   53.2932  -9.21818 0.0336487 0 0 0 0 0 0   0.275508  -0.678656 -0.0123069  0.000174374 -0.000337882  4.90347e-05  0.0132144   0.138141 0.00575657 -0.0626497  0.0305147   -9.80875 
             111.017 0.00744477   0.120858    -68.142  53.2955 -9.27971 0.042372 0 0 0 0 0 0  0.216449 -0.657297  0.020501  0.000170473 -0.000302495 -2.85631e-05   0.013711   0.140691 0.00468583 -0.0631123  0.0316088   -9.80875 
             111.117 -0.0674141   0.234755   -67.9362   53.2936  -9.33341 0.0355393 0 0 0 0 0 0  0.146371 -0.603512 -0.030248  0.000180325 -0.000254257 -0.000119646  0.0146253   0.142931 0.00562744 -0.0633592   0.032665   -9.80874 
             111.217 -0.153089  0.340702  -68.0142   53.2785  -9.41766 0.0473841 0 0 0 0 0 0 0.0515395 -0.678454 0.0216042  0.000164225  -0.00034284 -0.000206648  0.0125721   0.145749 0.00372845 -0.0648361  0.0331284   -9.80873 
             111.318 -0.199733  0.155446  -68.3176   53.2814  -9.48098 0.0596352 0 0 0 0 0 0 0.0431912 -0.670114 0.0665438  0.000149364 -0.000344526 -0.000223501  0.0130789   0.145975 0.00259895 -0.0647163  0.0333405   -9.80873 
             111.418 -0.253506  0.130119  -68.6816   53.3012  -9.55629 0.0383308 0 0 0 0 0 0  0.0813637  -0.682403 -0.0464363  0.000172871 -0.000300592 -0.000219333  0.0122657   0.144414 0.00586813 -0.0645952  0.0325853   -9.80873 
             111.518 -0.254692  0.245101  -69.0882   53.3289  -9.63184 0.0374447 0 0 0 0 0 0   0.140148  -0.709607 -0.0203889  0.000202777  -0.00037046 -0.000204762  0.0116018   0.142538 0.00543871 -0.0643295  0.0317575   -9.80874 
             111.618 -0.250419  0.172624  -69.4844   53.3677  -9.71246 0.0466024 0 0 0 0 0 0   0.22125 -0.744079 0.0131499  0.000238055 -0.000395632 -0.000204173  0.0107448   0.140158 0.00403336 -0.0640009  0.0306963   -9.80874 
             111.718 -0.223154  0.193915  -69.8378   53.4037  -9.78495 0.0436238 0 0 0 0 0 0   0.248798  -0.727226 -0.0182924  0.000227846 -0.000365375 -0.000223106  0.0108294   0.138785 0.00451325 -0.0636179  0.0302288   -9.80875 
             111.819 -0.274924  0.250842  -70.2262   53.4349  -9.86068 0.0464793 0 0 0 0 0 0  0.270176 -0.738986 0.0161478  0.000225298 -0.000430152 -0.000223386  0.0106139   0.138293 0.00401879 -0.0635676  0.0299955   -9.80875 
              111.92 -0.349475  0.128056  -70.6145   53.4659  -9.91928 0.0478562 0 0 0 0 0 0   0.274318  -0.702969 0.00704145  0.000239611 -0.000426025 -0.000210836  0.0121217   0.137934 0.00409515 -0.0629255  0.0302467   -9.80875 
             112.019 -0.324606  0.129557  -70.9706   53.4973  -9.98926 0.0381658 0 0 0 0 0 0   0.271833  -0.699731 -0.0270751  0.000226029 -0.000395413 -0.000211726 0.0121087  0.137474 0.0053012 -0.0628216  0.0300724   -9.80875 
             112.119 -0.30734 0.154714 -71.3503   53.5317   -10.065 0.0412685 0 0 0 0 0 0    0.287837   -0.717757 -0.00838187   0.00022671 -0.000417269 -0.000203181  0.0116447   0.136758 0.00457984 -0.0628156  0.0296874   -9.80875 
             112.221 -0.272332  0.095424  -71.7054   53.5527  -10.1499 0.0460552 0 0 0 0 0 0  0.261529  -0.75372 0.0159085  0.000238378 -0.000393992 -0.000167745  0.0105633   0.137503 0.00393016 -0.0634057   0.029707   -9.80875 
             112.324  -0.22416 0.0466089  -71.9448   53.5817  -10.2318 0.0444544 0 0 0 0 0 0   0.254438   -0.77089 0.00667022   0.00022467 -0.000383063 -0.000153482  0.0102166   0.137174 0.00437864 -0.0634622  0.0294956   -9.80875 
              112.42 -0.207471 0.0681722  -72.0467   53.6122  -10.3035 0.0426491 0 0 0 0 0 0  0.266914 -0.766705 0.0038918  0.000225417 -0.000383302 -0.000103416  0.0104583   0.136596 0.00474981 -0.063232 0.0293279  -9.80875 
              112.52 -0.174074 0.0663109  -71.9799   53.6586  -10.3754 0.0461737 0 0 0 0 0 0  0.336724 -0.761086 0.0193097  0.000217297 -0.000390352 -3.32448e-05  0.0109868   0.134802 0.00432741 -0.0625982  0.0287501   -9.80876 
              112.62 -0.210768 0.0196262  -71.6995   53.6994  -10.4498 0.0548721 0 0 0 0 0 0  0.361165 -0.770057 0.0461902  0.000223244 -0.000399391 -2.94112e-05  0.0111581   0.134146 0.00355062 -0.0623736  0.0285343   -9.80876 
              112.72  -0.246005 -0.0124198    -71.346   53.7391  -10.5182 0.0532711 0 0 0 0 0 0  0.362551 -0.746395 0.0285582  0.000229428 -0.000360074 -2.19672e-05  0.0118859   0.133787 0.00439579 -0.0620067  0.0285633   -9.80876 
             112.821  -0.24019 0.0484181  -70.8875   53.7837  -10.5927 0.0468395 0 0 0 0 0 0    0.369395   -0.742702 -0.00323306  0.000240482 -0.000373329  8.93973e-06  0.0119137   0.132875 0.00544239 -0.061784 0.0282138  -9.80876 
             112.921 -0.223471 0.0476368  -70.2614   53.8168  -10.6869 0.0471341 0 0 0 0 0 0    0.375316   -0.801723 -0.00190524  0.00027599 -0.00038359 4.77689e-05  0.0100482   0.133312 0.00533582 -0.0626029  0.0279368   -9.80876 
             113.021 -0.206852 0.0329099  -69.5294  53.8502 -10.7569 0.047679 0 0 0 0 0 0   0.364999   -0.76379 -0.0218771  0.000282919 -0.000348978  4.69043e-05  0.0108922   0.133848 0.00513268 -0.0624143  0.0283406   -9.80876 
             113.121 -0.208494 0.0725665  -68.6816   53.8958   -10.841 0.0478597 0 0 0 0 0 0    0.386981   -0.791656 -0.00881976  0.000272147 -0.000352987  7.13952e-05  0.0102379   0.133028 0.00487201 -0.0624516  0.0278836   -9.80876 
             113.221    -0.230045 -0.000514094     -67.6795   53.9318  -10.9221 0.0537458 0 0 0 0 0 0  0.377315 -0.795983 0.0248709 0.000291138 -0.00034748   0.0001148  0.0101338   0.133335 0.00417149 -0.0625626  0.0279668   -9.80876 
             113.322   -0.238598 -0.00276536    -66.4055   53.9924  -10.9936 0.0413785 0 0 0 0 0 0    0.46428  -0.766304 -0.0428738  0.000310063 -0.000327759  0.000148355  0.0107775   0.131391 0.00578008 -0.0618553  0.0274754   -9.80877 
             113.422   -0.212988 -0.00764097    -64.9985   54.0393  -11.0769 0.0426442 0 0 0 0 0 0   0.473907  -0.794605 -0.0155032 0.000316532 -0.00031518 0.000215704  0.0102533   0.131459 0.00517777 -0.0620384  0.0273638   -9.80877 
             113.522  -0.209254 -0.0725996   -63.2555   54.0944  -11.1394 0.0494258 0 0 0 0 0 0  0.511466 -0.749679 0.0190707  0.000314502 -0.000282873  0.000250696  0.0116013   0.130711 0.00413183 -0.0614355   0.027502   -9.80877 
             113.623  -0.217102 0.00652091   -61.3819   54.1533   -11.214 0.0454046 0 0 0 0 0 0   0.533063   -0.74205 -0.0183625   0.00034681 -0.000257517  0.000280996  0.0114704   0.130035 0.00473872 -0.0612899  0.0272855   -9.80877 
             113.722 -0.179845  0.100494  -59.3494   54.1922  -11.2681 0.0504808 0 0 0 0 0 0  0.512202 -0.674237 0.0111518  0.000371733 -0.000319806  0.000324377  0.0132895   0.131212 0.00389191 -0.0611742  0.0280542   -9.80877 
             113.823   -0.124806 -0.00356467    -57.0861   54.2429  -11.3286 0.0593225 0 0 0 0 0 0  0.526887 -0.642977 0.0311167  0.000408794 -0.000302922  0.000342614   0.013884   0.131273 0.00299035 -0.0610668  0.0282305   -9.80877 
             113.923 -0.0670259  0.0110141   -54.7611   54.2881  -11.3839 0.0484118 0 0 0 0 0 0   0.533576  -0.584305 -0.0203626  0.000423563 -0.000237048  0.000342188 0.0147558  0.131849 0.0047377 -0.0610896  0.0285475   -9.80877 
             114.023 -0.060809 0.0551048  -52.3739   54.3213  -11.4414 0.0563401 0 0 0 0 0 0  0.488474  -0.56835 0.0220658  0.000446702 -0.000267728  0.000372195  0.0155807   0.133633 0.00362073  -0.06148 0.0289579  -9.80876 
             114.123 -0.0937955  0.0632827   -49.8009   54.3713  -11.4892 0.0549236 0 0 0 0 0 0    0.506284   -0.515162 -0.00518543  0.000446718 -0.000238861  0.000321829  0.0162401   0.133451 0.00400099 -0.0613866  0.0291113   -9.80876 
             114.224 -0.145406  0.151798  -47.3284   54.4203  -11.5205 0.0397743 0 0 0 0 0 0   0.514449  -0.442134 -0.0634941  0.000437311 -0.000218639  0.000319565  0.0176423   0.132887 0.00552634 -0.0612225  0.0294285   -9.80876 
             114.323 -0.215949 0.0736849    -44.83   54.482 -11.5615 0.052582 0 0 0 0 0 0  0.576328 -0.427352 0.0134803  0.000474606 -0.000239119  0.000332087  0.0173955   0.132132 0.00331789 -0.0610447    0.02942   -9.80877 
             114.424 -0.157497  -0.02515  -42.2831   54.5365  -11.6182 0.0499103 0 0 0 0 0 0    0.58775  -0.455237 -0.0215899  0.000535915 -0.000185474   0.00030579  0.0167226   0.132981 0.00376406 -0.0611487  0.0292231   -9.80877 
             114.524 -0.0356439  0.0349773   -39.7905   54.5764  -11.6792 0.0518667 0 0 0 0 0 0  0.551631 -0.472237 0.0124199  0.000641152 -0.000205005   0.00029248  0.0168768   0.134859 0.00343166 -0.061446 0.0289823  -9.80876 
             114.624  0.0933353 -0.0336374   -37.3317   54.6481  -11.7144 0.0614633 0 0 0 0 0 0    0.6262 -0.401113 0.0520317   0.00060929 -0.000188962  0.000304114  0.0164615   0.133586 0.00257459 -0.061244 0.0291786  -9.80877 
             114.724   0.113134 -0.0196163    -34.883  54.7021 -11.7534 0.051271 0 0 0 0 0 0   0.610262  -0.368194 -0.0194826  0.000642989 -0.000155026    0.0002978  0.0171694   0.134072 0.00428546 -0.0614099  0.0290973   -9.80876 
             114.827 0.0742138 0.0647867  -32.3908   54.7682  -11.7956 0.0506458 0 0 0 0 0 0    0.640096   -0.353955 -0.00571456  0.000632319 -0.000150015  0.000281319  0.0167875   0.134325 0.00418488 -0.0613243  0.0290424   -9.80877 
             114.925 -0.0520569  0.0540036   -29.9019   54.8136  -11.8344 0.0691169 0 0 0 0 0 0  0.600998   -0.3428 0.0715818  0.000659153 -0.000176822  0.000266342  0.0180677   0.135319 0.00192082 -0.061598 0.0287148  -9.80876 
             115.025  -0.114614 -0.0253654   -27.7427   54.8491  -11.8612 0.0631606 0 0 0 0 0 0 0.527357 -0.30262 0.014299  0.000675014 -0.000107582  0.000183517  0.0203366   0.135684 0.00343297 -0.0621473  0.0283627   -9.80876 
             115.125   -0.100357 -0.00656828    -26.0979    54.874   -11.886 0.0522644 0 0 0 0 0 0   0.455229  -0.256259 -0.0156456  0.000691254 -9.10612e-05  7.56763e-05  0.0227152   0.136084 0.00476913 -0.0627179  0.0278708   -9.80876 
             115.226 -0.0282856 -0.0879533   -24.8003   54.8983     -11.9 0.0550925 0 0 0 0 0 0   0.37027 -0.191387 0.0210308  0.000719899 -6.50178e-05  1.61426e-05  0.0245399   0.135759 0.00439076 -0.0632647  0.0275924   -9.80876 
             115.325 0.0533707 -0.083978  -23.8331  54.9313 -11.9287 0.055832 0 0 0 0 0 0   0.349669  -0.172472 -0.0299248  0.000700746 -6.30735e-05  1.45281e-06   0.024553   0.136715 0.00430656 -0.0630537   0.027335   -9.80876 
             115.426 0.0481159 -0.240861  -22.9912   54.9766  -11.9593 0.0728669 0 0 0 0 0 0  0.407407 -0.204789 0.0864281  0.000675065 -0.000118919 -5.75147e-05   0.023487   0.137704 0.00211381 -0.0625325  0.0273647   -9.80876 
             115.526 -0.0742942  -0.498761   -22.2369   55.0426  -11.9901 0.0855064 0 0 0 0 0 0  0.485258 -0.239461 0.0921264  0.000660771 -3.46923e-06  -6.9681e-05  0.0208839   0.138383 0.00152157 -0.0616834  0.0279312   -9.80877 
             115.626 -0.227329 -0.268214  -21.5719   55.1237  -12.0275 0.0599228 0 0 0 0 0 0   0.576697  -0.288865 -0.0356889  0.000668442  9.98688e-05 -8.06737e-05  0.0176202   0.139346 0.00571778 -0.0605486   0.028651   -9.80877 
             115.726 -0.287472 0.0689772  -20.9669    55.179  -12.0558 0.0471527 0 0 0 0 0 0    0.55825  -0.285809 -0.0742175  0.000670435  8.41849e-05 -7.98687e-05  0.0178477   0.139382 0.00682419 -0.0605857  0.0285666   -9.80877 
             115.828 -0.219915  0.304795  -20.3979   55.2499  -12.0907 0.0356525 0 0 0 0 0 0   0.597596  -0.285618 -0.0881068  0.000674844  0.000124009 -5.34658e-05  0.0164985   0.139893 0.00727833 -0.0600918  0.0288718   -9.80877 
             115.927 -0.132733  0.502012  -19.7423  55.3118 -12.0866  0.03814 0 0 0 0 0 0  0.602689 -0.183569 -0.041511  0.000646594  6.10347e-05 -7.90976e-05  0.0163956   0.137224 0.00599826 -0.0609414  0.0295568   -9.80877 
             116.027 -0.074665  0.605864   -19.225   55.3706  -12.0905 0.0457524 0 0 0 0 0 0   0.597759   -0.11454 0.00587685  0.000628467  7.36822e-05 -5.34544e-05  0.0166849    0.13613 0.00471297 -0.0613726  0.0297257   -9.80876 
              116.13 -0.0588835   0.776303   -18.5777   55.4305  -12.1047 0.0545394 0 0 0 0 0 0  0.598775 -0.118096 0.0625235  0.000598647  9.75277e-05 -8.79986e-05  0.0168734   0.136371 0.00384106 -0.0613276  0.0296081   -9.80876 
             116.227 -0.121713   1.02979  -17.9935   55.4865  -12.1365 0.0531154 0 0 0 0 0 0     0.59223   -0.162318 0.000500251  0.000611856  0.000135643 -8.08215e-05  0.0170416   0.138301 0.00460825 -0.0606939  0.0291017   -9.80877 
             116.328 -0.160596   1.37555  -17.5199   55.5416  -12.1571 0.0417015 0 0 0 0 0 0   0.560337   -0.15548 -0.0396523   0.00064407  0.000171984 -0.000133326  0.0172988   0.138736 0.00598191 -0.0606136   0.028904   -9.80877 
             116.428 -0.163289   1.65904  -17.2146   55.5822  -12.1832 0.0493679 0 0 0 0 0 0   0.50473 -0.183235 0.0123261 0.000663092 3.75076e-05 -0.00013761  0.0190029   0.139643 0.00464218 -0.0606343   0.028079   -9.80877 
             116.528 -0.15712  1.63162  -16.947   55.6291  -12.2016 0.0465314 0 0 0 0 0 0   0.471957  -0.172966 -0.0419007  0.000678995    6.843e-05 -0.000165501  0.0193909   0.139708 0.00497332 -0.0607017  0.0279171   -9.80877 
             116.628 -0.123787   1.66508  -16.8963   55.6635  -12.2335 0.0452758 0 0 0 0 0 0  0.437678 -0.186777 0.0111751  0.000687529 -1.98164e-05 -0.000182886   0.020809   0.141028 0.00490071 -0.0605061  0.0270942   -9.80878 
             116.728 -0.156803    1.4083  -16.8297   55.7243  -12.2619 0.0649609 0 0 0 0 0 0  0.500728 -0.212912 0.0905475  0.000687505 -1.03148e-05 -0.000207956  0.0194472   0.142025 0.00273579 -0.0597804  0.0274161   -9.80878 
             116.828 -0.239191   1.38156  -16.9434     55.77  -12.2848 0.0478115 0 0 0 0 0 0   0.44622 -0.203976 -0.017607  0.000668627  0.000110353 -0.000205018  0.0195164   0.142227 0.00586574 -0.0597944   0.027326   -9.80878 
             116.929 -0.319442   1.56998  -17.0092   55.8173  -12.3065 0.0456103 0 0 0 0 0 0   0.436027   -0.21903 -0.0161215 0.000652173 4.90441e-05 -0.00025098   0.019102   0.142271 0.00580007 -0.0596887  0.0274758   -9.80878 
             117.029 -0.360713   1.48402  -17.1933   55.8687  -12.3207 0.0504568 0 0 0 0 0 0  0.451182 -0.203958 0.0173994  0.000677149  3.44669e-05 -0.000224877  0.0182388   0.141587 0.00506738 -0.0597507  0.0279551   -9.80878 
             117.129 -0.293106   1.48888   -17.388   55.9133  -12.3374 0.0374883 0 0 0 0 0 0   0.439805  -0.172711 -0.0356939  0.000686158  6.99539e-05 -0.000243093  0.0181953   0.141273 0.00688611 -0.0599022  0.0280219   -9.80878 
             117.229 -0.214453   1.54227  -17.5671   55.9733  -12.3409 0.0373915 0 0 0 0 0 0   0.492653  -0.130153 -0.0206419  0.000659707  3.84191e-05 -0.000220969  0.0165579   0.140155 0.00645777 -0.0599649  0.0288774   -9.80877 
             117.329 -0.23432  1.52511 -17.7846   56.0186  -12.3622 0.0470154 0 0 0 0 0 0  0.468171 -0.153341 0.0193053  0.000636524  5.06091e-05 -0.000230791  0.0170397   0.140892 0.00512099 -0.0597624  0.0285524   -9.80878 
              117.43 -0.28401  1.55571 -18.0201  56.0617 -12.3724  0.04043 0 0 0 0 0 0   0.450058  -0.159807 -0.0229934  0.000625811  3.24999e-05 -0.000201557   0.017386   0.140321 0.00609172 -0.0600696  0.0285403   -9.80877 
              117.53 -0.321978   1.52419  -18.2391   56.1057  -12.3829 0.0408097 0 0 0 0 0 0    0.458435   -0.146393 -0.00207039   0.00064136  3.96177e-06 -0.000200037  0.0176294   0.139791 0.00587796 -0.0603097  0.0285684   -9.80877 
              117.63 -0.283136    1.5081  -18.4434   56.1576  -12.3958 0.0333584 0 0 0 0 0 0   0.479468   -0.12731 -0.0312628  0.000658874  4.13888e-05 -0.000211598  0.0170012   0.139667 0.00676615 -0.0602391  0.0288131   -9.80877 
              117.73 -0.203652   1.61009  -18.7124   56.1983  -12.4011 0.0265725 0 0 0 0 0 0   0.458449 -0.0901379 -0.0509389  0.000632272  7.38836e-05 -0.000195413   0.017707   0.138967 0.00720525 -0.0606513  0.0287135   -9.80877 
              117.83 -0.222505   1.69593  -18.9121   56.2632  -12.4151 0.0375313 0 0 0 0 0 0  0.527564 -0.110017 0.0112359  0.000585574 -4.75146e-06  -0.00019104  0.0159777   0.139442 0.00530185 -0.0600595   0.029225   -9.80877 
             117.931 -0.337362    1.6394   -19.165   56.3165  -12.4396 0.0472707 0 0 0 0 0 0  0.549192 -0.161191 0.0287785  0.000559058 -3.73043e-06 -0.000175816  0.0160144   0.140511 0.00420527 -0.0596717   0.028984   -9.80878 
             118.031 -0.436937   1.63188  -19.3183   56.3747  -12.4679 0.0401031 0 0 0 0 0 0    0.569149   -0.207924 0.000515017  0.000583577 -8.97598e-06 -0.000186286  0.0156725    0.14152 0.00552601 -0.0592867  0.0288661   -9.80878 
             118.131 -0.417895   1.63919  -19.5357   56.4275   -12.481 0.0313186 0 0 0 0 0 0   0.568107  -0.176944 -0.0323171  0.000597992  8.41142e-06 -0.000173599  0.0160984   0.140754 0.00662738 -0.0596668   0.028886   -9.80878 
             118.231 -0.374528   1.69648  -19.7154  56.4833 -12.4948 0.022642 0 0 0 0 0 0    0.56435  -0.165955 -0.0583441  0.000588508  1.49186e-05 -0.000188445  0.0161682   0.140317 0.00731468 -0.0598448  0.0289549   -9.80877 
             118.332 -0.368764   1.74276  -19.9196  56.5445 -12.5032 0.019913 0 0 0 0 0 0   0.575335  -0.157518 -0.0535914  0.000593128 -9.94841e-07 -0.000193621   0.015801   0.139525 0.00686733 -0.0600091  0.0292562   -9.80877 
             118.431 -0.372442   1.73486  -20.2048   56.5858  -12.5232 0.0263547 0 0 0 0 0 0    0.549375   -0.170458 -0.00501427   0.00058087 -3.58486e-05 -0.000177739 0.0176312  0.139949 0.0055662 -0.0602497  0.0285845   -9.80877 
             118.532 -0.358569   1.64917  -20.4275   56.6355  -12.5411 0.0274639 0 0 0 0 0 0      0.54077     -0.17791 -0.000698867  0.000578643  1.51096e-05 -0.000183397  0.0182267   0.139965 0.00543341 -0.0603754  0.0283937   -9.80877 
             118.632 -0.341438   1.74653  -20.6638   56.6935  -12.5549 0.0199861 0 0 0 0 0 0   0.554716  -0.159625 -0.0313739  0.000590016  1.94482e-06 -0.000181355  0.0178126   0.139634 0.00629509 -0.0604084  0.0285914   -9.80877 
             118.733 -0.331235   1.74727  -20.9026   56.7377   -12.582 0.0217814 0 0 0 0 0 0   0.532889  -0.193866 -0.0142495  0.000534492 -4.21958e-05 -0.000202569  0.0190238   0.140634 0.00564502 -0.060359 0.0279973  -9.80877 
             118.832 -0.395139   1.66824  -21.1604   56.8035  -12.6188 0.0291363 0 0 0 0 0 0  0.579831 -0.264659 0.0262585   0.00052745 -3.26739e-05 -0.000174118  0.0177278   0.142172 0.00454633 -0.0595682  0.0280423   -9.80878 
             118.934 -0.449902   1.71642  -21.4176   56.8687  -12.6325 0.0241664 0 0 0 0 0 0    0.600699   -0.235326 -0.00577559  0.000530449 -6.80648e-06 -0.000165991  0.0171082   0.140962 0.00539822 -0.059809 0.0284975  -9.80878 
             119.033 -0.438804   1.75494  -21.6204   56.9333  -12.6651 0.0189357 0 0 0 0 0 0   0.618189  -0.266464 -0.0210224  0.000531947 -2.67177e-05 -0.000160463  0.0164699   0.141757 0.00599117 -0.0594464  0.0284954   -9.80878 
             119.133 -0.424294   1.72097  -21.8657   56.9854  -12.6855 0.0141522 0 0 0 0 0 0    0.59015  -0.243521 -0.0224772  0.000552482 -4.45491e-05 -0.000147178  0.0174707   0.141307 0.00630476 -0.0598147  0.0283121   -9.80878 
             119.233 -0.388105   1.67466  -22.0911    57.048  -12.7038 0.0156577 0 0 0 0 0 0     0.61693   -0.225683 -0.00826091  0.000535038 -5.67958e-05 -0.000143104 0.0173108  0.140771 0.0058304 -0.0599154  0.0284844   -9.80878 
             119.333 -0.37162  1.61973  -22.297  57.1142 -12.7242 0.019822 0 0 0 0 0 0  0.628657 -0.223012 0.0098798  0.000518893 -2.26149e-05 -0.000141689  0.0169783   0.140503 0.00533699 -0.0598987  0.0286409   -9.80878 
             119.434 -0.374098   1.67863  -22.4775   57.1777  -12.7634 0.0137676 0 0 0 0 0 0   0.633938  -0.268059 -0.0211507  0.000512417 -1.48525e-05 -0.000127514  0.0167768   0.141892 0.00606019 -0.0594954  0.0283675   -9.80878 
             119.534 -0.390762   1.68912  -22.6542   57.2388  -12.7819 0.0129396 0 0 0 0 0 0   0.640459  -0.248788 -0.0228448  0.000496767 -4.09209e-05 -0.000135482   0.017161   0.141179 0.00590252 -0.0597698  0.0284331   -9.80878 
             119.634 -0.428456   1.68389  -22.8353   57.3037  -12.8055 0.0131247 0 0 0 0 0 0    0.63822  -0.254344 -0.0112893  0.000473521 -2.09424e-05 -0.000121522  0.0170524   0.141035 0.00565828 -0.0597756  0.0284962   -9.80878 
             119.736 -0.493161    1.7141  -22.9816    57.3734   -12.8254 0.00929227 0 0 0 0 0 0    0.638634   -0.249782 -0.00664064  0.000481123 -4.00336e-05 -0.000112606  0.0165987   0.140409 0.00598399 -0.0598395  0.0287564   -9.80878 
             119.834 -0.471447   1.65685  -23.1021    57.4258   -12.8658 0.00681209 0 0 0 0 0 0   0.604039   -0.30792 -0.0250457   0.00050194 -4.91882e-05 -0.000119419  0.0174627   0.141944 0.00612286 -0.0596565    0.02818   -9.80878 
             119.934 -0.397583   1.62201  -23.2778     57.4841    -12.8939 -0.00187822 0 0 0 0 0 0   0.607929  -0.282224 -0.0426333  0.000524071 -3.28051e-05 -0.000108817  0.0176969    0.14181 0.00703029 -0.0597689  0.0281474   -9.80878 
             120.035 -0.301032   1.59742  -23.4351    57.5476   -12.9221 -0.0030493 0 0 0 0 0 0   0.620284  -0.274143 -0.0327985  0.000509613 -3.17122e-05 -0.000128367  0.0174764   0.141801 0.00663849 -0.0597093  0.0282056   -9.80878 
             120.136 -0.322926   1.64332  -23.6217    57.6113   -12.9564 0.00781197 0 0 0 0 0 0  0.622114 -0.288688 0.0221374  0.000504264 -4.27754e-05 -0.000110174  0.0173141   0.142436 0.00484202 -0.0594716  0.0281048   -9.80878 
             120.235 -0.374327   1.61698  -23.7723   57.6708   -12.978 0.0146355 0 0 0 0 0 0  0.619087 -0.281395 0.0353283  0.000461879 -4.20812e-05 -0.000121784  0.0175511   0.141854 0.00434203 -0.0596525  0.0281863   -9.80878 
             120.335 -0.452649   1.54373  -23.9139   57.7367  -13.0026 0.0144179 0 0 0 0 0 0  0.624209 -0.293537 0.0238611  0.000451384 -4.45493e-05 -0.000113484  0.0172287    0.14145 0.00478275 -0.0596831  0.0283536   -9.80878 
             120.435 -0.50111   1.4929 -24.0917    57.7957   -13.0294 0.00201904 0 0 0 0 0 0   0.604859  -0.283626 -0.0218859  0.000485855   -4.124e-05 -9.30201e-05  0.0174972   0.141268 0.00651628 -0.0598305  0.0283267   -9.80878 
             120.536 -0.458029   1.49675  -24.1648    57.8634   -13.0639 -0.0135213 0 0 0 0 0 0   0.631729  -0.301299 -0.0766107  0.000493606 -4.56255e-05 -0.000117088     0.0168   0.141651 0.00788762 -0.0596156  0.0283866   -9.80878 
             120.636 -0.379239   1.51779  -24.3871     57.912   -13.0868 -0.0180987 0 0 0 0 0 0    0.58992  -0.270848 -0.0724619  0.000486674 -2.55394e-05 -9.82716e-05  0.0182531   0.141292 0.00761878 -0.0600259  0.0281511   -9.80878 
             120.737 -0.341674   1.51835  -24.5347     57.9775    -13.1087 -0.00799428 0 0 0 0 0 0    0.584861   -0.273106 -0.00236199  0.000494916  -3.0989e-05 -0.000109405  0.0178464   0.140776 0.00548592 -0.0599943  0.0283695   -9.80878 
             120.836 -0.317431   1.52773   -24.733      58.032    -13.1354 -0.00451378 0 0 0 0 0 0  0.577827 -0.255286 0.0079708  0.000471864 -2.97196e-05  -9.8901e-05  0.0182713   0.140897 0.00494606 -0.0600539  0.0282528   -9.80878 
             120.937 -0.374679   1.55314  -24.8689    58.0991   -13.1557 0.00129737 0 0 0 0 0 0   0.60005 -0.234376 0.0186372  0.000478515 -5.42815e-05  -9.4918e-05  0.0174436   0.140323 0.00434572 -0.0599695   0.028561   -9.80878 
             121.037 -0.419146   1.55013  -25.0384    58.1513   -13.1786 0.00403906 0 0 0 0 0 0  0.556424 -0.218652 0.0337506  0.000451267 -4.03849e-05 -9.50243e-05  0.0180182   0.140431 0.00433721 -0.0600796  0.0284179   -9.80877 
             121.137 -0.486592    1.5666  -25.1912     58.2159    -13.2055 -0.00448924 0 0 0 0 0 0   0.563465  -0.243747 -0.0158815  0.000442138  -5.4824e-05 -8.55451e-05  0.0168938   0.140574 0.00562555 -0.0598221  0.0286071   -9.80878 
             121.237 -0.554967   1.53448  -25.2996     58.2799     -13.235 -0.00798385 0 0 0 0 0 0   0.565763  -0.248638 -0.0239327  0.000482539 -5.31163e-05 -6.63802e-05   0.015952   0.140846 0.00593006 -0.0595586  0.0287293   -9.80878 
             121.338 -0.499197   1.54309  -25.3901    58.3205   -13.2549 -0.0227802 0 0 0 0 0 0   0.491841  -0.219571 -0.0668272  0.000495361 -2.41953e-05 -8.60824e-05  0.0173377   0.140689 0.00741527 -0.0599438  0.0284896   -9.80878 
             121.437 -0.387026   1.55324  -25.5593    58.3713    -13.293 -0.0287415 0 0 0 0 0 0  0.494963 -0.255378  -0.07046  0.000473998 -5.31015e-05 -7.14644e-05  0.0168672   0.141999 0.00727601 -0.0595813  0.0282792   -9.80878 
             121.538 -0.352446   1.52982  -25.6785    58.4164   -13.3122 -0.0161536 0 0 0 0 0 0    0.47033  -0.231494 0.00973854  0.000452413 -6.30351e-05 -7.55929e-05  0.0174546   0.141614 0.00508933 -0.0597349  0.0282663   -9.80878 
             121.638 -0.377904   1.47885   -25.806    58.4699    -13.332 -0.0102817 0 0 0 0 0 0  0.487503 -0.220231 0.0272861  0.000433881 -5.59599e-05 -7.94631e-05  0.0169596   0.141183 0.00442747 -0.059686 0.0284579  -9.80878 
             121.738 -0.43429   1.4682 -25.9204      58.506    -13.3498 -0.00838093 0 0 0 0 0 0  0.432101 -0.210297  0.014456  0.000440874  -3.0118e-05 -6.57052e-05  0.0181302   0.141027 0.00459287 -0.0599846  0.0282817   -9.80878 
             121.838 -0.449716   1.50777  -26.0392    58.5422   -13.3709 -0.0179316 0 0 0 0 0 0   0.395386  -0.199828 -0.0246148  0.000441583 -1.18135e-05 -7.17725e-05 0.0185953  0.141168 0.0058599 -0.0600938  0.0281633   -9.80878 
             121.938 -0.434253   1.53684   -26.167    58.5906   -13.3772 -0.0260521 0 0 0 0 0 0   0.413711  -0.154864 -0.0368052  0.000422496 -5.21812e-05 -6.04773e-05  0.0180412   0.139901 0.00653209 -0.0602061  0.0285451   -9.80877 
             122.039 -0.423439   1.42023  -26.2709    58.6419   -13.3953 -0.0213458 0 0 0 0 0 0    0.449542   -0.162174 -0.00721872  0.000404059 -4.13095e-05 -6.12404e-05  0.0171895    0.13989 0.00550504 -0.0599921  0.0286969   -9.80877 
             122.139 -0.446746   1.36309  -26.3909    58.6746   -13.4193 -0.0193584 0 0 0 0 0 0  0.399569 -0.186546 0.0114965   0.00041183 -4.62307e-05 -5.16874e-05  0.0180801   0.140707 0.00529968 -0.0600499  0.0283635   -9.80878 
             122.239 -0.493004    1.3319  -26.4577     58.722   -13.4431 -0.0193668 0 0 0 0 0 0    0.414383   -0.207707 -0.00780551  0.000434618 -3.00707e-05 -4.67289e-05  0.0172642   0.140933 0.00525502 -0.0598282  0.0284479   -9.80878 
             122.339 -0.421959   1.22198  -26.5795    58.7632   -13.4555 -0.0256637 0 0 0 0 0 0   0.440495  -0.181121 -0.0186558  0.000431597 -8.84806e-05 -5.36179e-05  0.0175324   0.140302 0.00597014 -0.0600058  0.0285428   -9.80877 
             122.439 -0.342171  0.974011  -26.7287    58.8019    -13.468 -0.0169163 0 0 0 0 0 0  0.449055 -0.165977 0.0269618  0.000414465 -7.85423e-05 -7.12782e-05  0.0183089   0.140006 0.00470895 -0.060203 0.0284898  -9.80877 
             122.539 -0.353024  0.953786  -26.8896    58.8469   -13.4938 -0.0107246 0 0 0 0 0 0  0.459746 -0.192239 0.0240199  0.000402966 -3.79177e-05 -5.81305e-05  0.0182311   0.140713 0.00429698 -0.0600676  0.0283461   -9.80878 
              122.64 -0.458566   0.99264  -27.0408    58.8833   -13.5246 -0.0133403 0 0 0 0 0 0   0.433829  -0.236885 0.00952877  0.000411567 -3.56658e-05 -7.60748e-05   0.018849   0.141686 0.00498924 -0.060064 0.0280329  -9.80878 
              122.74 -0.544865   1.01201  -27.2151    58.9367   -13.5423 -0.0230212 0 0 0 0 0 0   0.477892  -0.238986 -0.0408755  0.000402915 -2.72693e-05 -7.35656e-05  0.0181954   0.140914 0.00616484 -0.0600516  0.0282964   -9.80878 
              122.84 -0.579036   1.06064  -27.4107    58.9957   -13.5652 -0.0318959 0 0 0 0 0 0   0.530922   -0.23946 -0.0505461  0.000416971 -1.09783e-05 -7.24494e-05  0.0173344   0.140583 0.00670263 -0.0599181  0.0284923   -9.80878 
             122.941 -0.533529   1.08469  -27.6098    59.0413   -13.5809 -0.0334401 0 0 0 0 0 0   0.514917  -0.242136 -0.0197512  0.000384111 -3.64803e-05 -7.78942e-05  0.0182396   0.140074 0.00639551 -0.0601849  0.0284771   -9.80877 
              123.04 -0.571661   1.08296  -27.8007    59.1022   -13.6047 -0.0263272 0 0 0 0 0 0  0.565057 -0.242423 0.0231893   0.00038519 -4.67591e-06 -6.74734e-05  0.0175486   0.139867 0.00528255 -0.0600463  0.0286243   -9.80877 
             123.144 -0.621126   1.22957  -27.9895    59.1546   -13.6406 -0.0261951 0 0 0 0 0 0    0.542364   -0.273634 -0.00257258  0.000417507   4.4744e-05 -5.48544e-05  0.0177632   0.140794 0.00551226 -0.0599713  0.0283926   -9.80878 
             123.241 -0.562945    1.4915  -28.2293    59.2008   -13.6717 -0.0377354 0 0 0 0 0 0  0.524672 -0.285463 -0.036724  0.000401814  1.09822e-05 -0.000106494  0.0181739   0.141227 0.00703621 -0.0600302   0.028237   -9.80878 
             123.341 -0.549253   1.57976  -28.4896   59.2559  -13.7124 -0.038653 0 0 0 0 0 0   0.537124  -0.324919 -0.0256404  0.000444123  7.14569e-06 -0.000107871  0.0177779    0.14206 0.00672199 -0.059834 0.0281087  -9.80878 
             123.441 -0.489824   1.71356  -28.8035    59.3092   -13.7501 -0.0385963 0 0 0 0 0 0   0.544482   -0.33002 -0.0392697   0.00042941  5.21871e-05 -0.000122694  0.0177512    0.14256 0.00629901 -0.0597582   0.028006   -9.80878 
             123.543 -0.487948   1.85573  -29.1893    59.3546   -13.7885 -0.0345704 0 0 0 0 0 0    0.537149   -0.346418 -0.00863168  0.000365942 -1.74126e-06 -0.000115217 0.0186215  0.143221 0.0054299 -0.0598449  0.0277682   -9.80878 
             123.642 -0.623361   1.83615  -29.5381    59.4141   -13.8231 -0.0264803 0 0 0 0 0 0  0.558737  -0.37018 0.0298276  0.000311727  9.28704e-07 -0.000112496  0.0181378   0.142967 0.00428335 -0.0597391  0.0278743   -9.80878 
             123.742 -0.856174   1.93454   -29.907    59.4771   -13.8444 -0.0354689 0 0 0 0 0 0   0.569206  -0.357536 -0.0299543  0.000362946  -1.3024e-05 -9.86036e-05  0.0179453   0.141367 0.00572406 -0.0599046   0.028228   -9.80878 
             123.842 -0.938221   1.96699  -30.2323    59.5388   -13.8859 -0.0489283 0 0 0 0 0 0   0.598696  -0.379784 -0.0601122  0.000396009 -2.91156e-05 -0.000120715  0.0173941   0.141625 0.00705711 -0.0598068  0.0282235   -9.80878 
             123.942 -0.813497   1.95417  -30.6665    59.5999   -13.9099 -0.0642489 0 0 0 0 0 0  0.605992 -0.330406 -0.099789  0.000412291 -9.40343e-06 -0.000108672  0.0177168   0.140585 0.00807619 -0.0599982  0.0284069   -9.80878 
             124.042 -0.70046  2.00578  -31.063    59.6457   -13.9395 -0.0618754 0 0 0 0 0 0   0.564432  -0.315959 -0.0497313   0.00038349  1.10135e-05 -0.000141964  0.0190272   0.140844 0.00686388 -0.0602027  0.0282565   -9.80877 
             124.143 -0.681404   1.93744  -31.5558     59.713   -13.9637 -0.0541566 0 0 0 0 0 0   0.620064  -0.306092 0.00476528  0.000377072 -1.37834e-05 -0.000140821  0.0186128   0.140066 0.00552237 -0.0601305  0.0284432   -9.80877 
             124.243 -0.742459   1.90393  -32.0548    59.7848   -13.9984 -0.0447575 0 0 0 0 0 0  0.651887 -0.320727 0.0350854  0.000352813  2.44286e-07 -0.000149939  0.0178173   0.140036 0.00449421 -0.0599423  0.0284957   -9.80878 
             124.343 -0.864227    2.0321  -32.5698    59.8499   -14.0427 -0.0452086 0 0 0 0 0 0  0.650036 -0.360004 0.0165985  0.000338833  1.68331e-05 -0.000144803  0.0174309   0.140828 0.00484154 -0.0598372  0.0283615   -9.80878 
             124.443 -0.977208   2.05739  -33.1231    59.9196   -14.0683 -0.0548152 0 0 0 0 0 0   0.647851  -0.357815 -0.0314653  0.000344943  -2.9908e-05 -0.000149458  0.0173994   0.139846 0.00607898 -0.0599143  0.0285501   -9.80878 
             124.543  -1.0909  1.96254 -33.6836    59.9875   -14.0972 -0.0561921 0 0 0 0 0 0   0.655762  -0.355717 -0.0172383  0.000380112 -2.08447e-05 -0.000151167  0.0175353   0.139234 0.00595965 -0.0599558  0.0286601   -9.80877 
             124.645 -1.02765  1.96952 -34.2732    60.0593   -14.1425 -0.0706286 0 0 0 0 0 0   0.679197  -0.381307 -0.0743919  0.000397198   8.2318e-06 -0.000153856  0.0168439   0.139631 0.00720193 -0.0598646  0.0285991   -9.80878 
             124.744 -0.917954   1.88017  -34.8716     60.116    -14.188 -0.0738782 0 0 0 0 0 0   0.669485   -0.40348 -0.0524663  0.000390151 -5.48329e-06 -0.000183234  0.0174271   0.140582 0.00681841 -0.0599428  0.0284277   -9.80878 
             124.844 -0.881877   1.81454  -35.5302    60.1767   -14.2394 -0.0622372 0 0 0 0 0 0   0.658593  -0.451868 0.00650112  0.000350872 -2.11963e-05 -0.000170542  0.0175905   0.141575 0.00485146 -0.0599035  0.0282601   -9.80878 
             124.944 -0.98376  1.85463 -36.1911    60.2318   -14.2895 -0.0529776 0 0 0 0 0 0  0.613997 -0.475936  0.041648  0.000344786 -9.93208e-06 -0.000161005 0.0182119  0.142363 0.0036955 -0.0599774  0.0281396   -9.80878 
             125.044 -1.09132  1.93253 -36.8076    60.3015   -14.3402 -0.0686775 0 0 0 0 0 0   0.615175  -0.509605 -0.0261092  0.000339313 -2.35786e-05 -0.000163396  0.0172746   0.142054 0.00601902 -0.0598957  0.0281648   -9.80878 
             125.145 -1.12836  1.88915 -37.4126    60.3862   -14.3804 -0.0706717 0 0 0 0 0 0   0.675965  -0.488623 -0.0127361  0.000333278 -1.66628e-05 -0.000166529  0.0161169   0.140282 0.00590898 -0.0596573  0.0283914   -9.80878 
             125.245 -1.05834  1.87703 -38.0424    60.4347    -14.442 -0.0734606 0 0 0 0 0 0   0.592091  -0.503387 -0.0310377  0.000369098  7.10164e-06 -0.000137277 0.0167594  0.141925 0.0061011 -0.0598297  0.0281849   -9.80878 
             125.345 -0.962756    1.9394  -38.5716    60.4902   -14.4983 -0.0796388 0 0 0 0 0 0   0.569711  -0.500961 -0.0464947  0.000379892 -1.16195e-05 -0.000114224  0.0166178    0.14248 0.00640478 -0.0598512  0.0281006   -9.80878 
             125.445 -0.858379   1.81689  -39.0569    60.5601   -14.5343 -0.0887124 0 0 0 0 0 0   0.603076  -0.442832 -0.0467274  0.000321339 -5.84216e-05 -8.64601e-05  0.0163214   0.140951 0.00705158 -0.0597326  0.0282789   -9.80878 
             125.547 -0.889182   1.77615   -39.493    60.6162   -14.5737 -0.0699157 0 0 0 0 0 0  0.546117 -0.407066 0.0315437  0.000275469 -8.95945e-06 -8.30543e-05 0.0170017    0.1409 0.0040846 -0.0597185  0.0283272   -9.80878 
             125.646  -1.0494  1.92504 -39.8605    60.6738   -14.6138 -0.0715863 0 0 0 0 0 0   0.523796  -0.409045 0.00940472  0.000266751 -2.08426e-05 -8.29411e-05  0.0166196   0.140605 0.00459322 -0.059665 0.0283299  -9.80878 
             125.746 -1.19818  1.81148 -40.2344   60.7256  -14.6577 -0.082553 0 0 0 0 0 0   0.529614  -0.456283 -0.0253168  0.000291209 -4.21991e-05 -6.80374e-05  0.0165693    0.14065 0.00609487  -0.05971 0.0283279  -9.80878 
             125.846 -1.19742  1.64354 -40.5484    60.7903   -14.7016 -0.0930099 0 0 0 0 0 0   0.588944  -0.467773 -0.0501934  0.000361903 -3.62648e-05 -6.39157e-05  0.0160043   0.139915 0.00696271 -0.0596073  0.0283492   -9.80878 
             125.946  -1.0691  1.62885 -40.9375    60.8309   -14.7414 -0.0928765 0 0 0 0 0 0   0.556268  -0.437429 -0.0396452  0.000368016  9.27772e-06 -8.75315e-05  0.0176981   0.140587 0.00635833 -0.0598215  0.0284641   -9.80878 
             126.046 -0.927329   1.60452  -41.4168    60.8727   -14.7843 -0.0950574 0 0 0 0 0 0   0.537487  -0.442276 -0.0296853  0.000323382  6.17134e-06 -9.35882e-05  0.0188059   0.141286 0.00617899 -0.0599935  0.0285246   -9.80878 
             126.147 -0.915396   1.49521  -41.8784    60.9268   -14.8357 -0.0935041 0 0 0 0 0 0    0.560744   -0.478733 -0.00543567  0.000282299 -1.38004e-05    -8.41e-05  0.0186149   0.141681 0.00569362 -0.0600094  0.0284674   -9.80878 
             126.247 -1.00982  1.46761 -42.3307    60.988   -14.873 -0.079701 0 0 0 0 0 0  0.566954 -0.451203 0.0490142   0.00025084  1.89441e-05 -0.000114892  0.0190489   0.140725 0.00395332 -0.0598825  0.0285905   -9.80878 
             126.347 -1.13479  1.60754 -42.8254    61.0502    -14.944 -0.0833325 0 0 0 0 0 0  0.563827 -0.532736 0.0131715  0.000252441  1.22111e-05 -9.34065e-05  0.0172081   0.141756 0.00489164 -0.0599058  0.0282807   -9.80878 
             126.447  -1.2364  1.62072 -43.2652    61.1098   -14.9895 -0.0947189 0 0 0 0 0 0    0.55625   -0.51208 -0.0426845  0.000288047 -2.71115e-05 -5.87508e-05   0.017457   0.140995 0.00653827 -0.0598628  0.0283684   -9.80878 
             126.547  -1.2324  1.59455 -43.6241    61.1556   -15.0465 -0.0954301 0 0 0 0 0 0  0.517711 -0.517003 -0.024217  0.000314693 -1.41107e-05 -5.52994e-05  0.0176954   0.141926 0.00624097 -0.0599977  0.0283481   -9.80878 
             126.648 -1.13248   1.6254 -43.9603   61.2121  -15.0999 -0.101519 0 0 0 0 0 0   0.543134  -0.514324 -0.0342499  0.000315234 -3.15318e-05 -3.99836e-05  0.0171908   0.141698 0.00658334 -0.0599492  0.0282863   -9.80878 
             126.748 -1.02787  1.47002  -44.248   61.2817  -15.1582 -0.112363 0 0 0 0 0 0   0.61656 -0.544483  -0.05034  0.000284379 -3.88576e-05 -3.78751e-05  0.0157707   0.141022 0.00759534 -0.0598148  0.0281038   -9.80878 
             126.848 -1.01848  1.36944 -44.5792  61.3404 -15.2002 -0.10105 0 0 0 0 0 0  0.615834 -0.511274 0.0223985  0.000235849  2.34792e-06 -2.30646e-05  0.0169008   0.140551 0.00557027 -0.0597311  0.0282901   -9.80878 
             126.948 -1.13774  1.51104 -44.8471     61.396   -15.2514 -0.0982655 0 0 0 0 0 0     0.58772   -0.525459 -0.00231226 0.000223597 8.85326e-06 -2.3754e-05  0.0173693   0.140905 0.00521043 -0.0597927  0.0283523   -9.80878 
             127.048 -1.27908  1.52968 -45.0735   61.4608  -15.3279 -0.112084 0 0 0 0 0 0   0.598526  -0.627488 -0.0571497  0.000226715 -2.53644e-05 -1.16174e-06  0.0155312   0.141668 0.00686255 -0.059908  0.028039  -9.80878 
             127.149 -1.30222  1.49319 -45.3098   61.5102  -15.3827 -0.110748 0 0 0 0 0 0   0.579248  -0.625243 -0.0314157 0.000261905 -1.5237e-05 1.98985e-05   0.016889    0.14198 0.00604062 -0.059967 0.0282546  -9.80878 
             127.249 -1.21012  1.52845 -45.4343   61.5758  -15.4471 -0.106772 0 0 0 0 0 0   0.615192  -0.626383 0.00137542  0.000279662 -4.80562e-07  -7.3601e-06  0.0163645   0.141658 0.00524827 -0.0598834  0.0281697   -9.80878 
             127.349 -1.09375   1.5276   -45.55   61.6381  -15.5051 -0.111217 0 0 0 0 0 0   0.635875  -0.622641 0.00121415  0.000264824 -2.96693e-05  9.66053e-06   0.016647   0.141384 0.00570863 -0.0598532  0.0282228   -9.80878 
             127.449 -1.02418  1.41853 -45.6484   61.7027  -15.5676 -0.114012 0 0 0 0 0 0     0.645718     -0.63247 -9.89551e-05  0.000230096 -2.40058e-05  3.14813e-05  0.0166428   0.141327 0.00605748 -0.0598525   0.028224   -9.80878 
             127.549 -1.09253  1.49773 -45.5852   61.7566  -15.6477 -0.097398 0 0 0 0 0 0  0.599318 -0.664046 0.0514097 0.000218201 1.94696e-05 0.000101384  0.0161461   0.142943 0.00412795 -0.0600782  0.0281172   -9.80878 
              127.65 -1.20988  1.64572 -45.2442   61.8315  -15.7387 -0.111999 0 0 0 0 0 0   0.631509  -0.760475 -0.0186293   0.00022088 -1.26175e-05  0.000167537  0.0136691   0.142968 0.00625926 -0.0601171  0.0277012   -9.80878 
              127.75 -1.27089  1.55129 -44.6698   61.895  -15.825 -0.12717 0 0 0 0 0 0   0.640575   -0.79314 -0.0593968  0.000284771 -3.49846e-05  0.000186189  0.0130342     0.1434 0.00800214 -0.0602297  0.0275982   -9.80878 
              127.85 -1.14871  1.50276 -44.0148   61.9603  -15.8886 -0.121622 0 0 0 0 0 0   0.652505  -0.724999 -0.0104623 0.000335508 1.71769e-05 0.000169176  0.0139904   0.142662 0.00666159 -0.0600824   0.027761   -9.80878 
              127.95 -0.92677  1.57243 -43.3808   62.0291  -15.9522 -0.138529 0 0 0 0 0 0    0.69782  -0.676694 -0.0643118  0.000323228 -2.58966e-05  0.000209234  0.0142712   0.142086 0.00854424 -0.0600422  0.0278258   -9.80878 
              128.05 -0.847647   1.48257  -42.6241   62.0844  -16.0051 -0.126358 0 0 0 0 0 0   0.658647  -0.614741 0.00712963   0.00027695 -3.92745e-05  0.000218205  0.0161663   0.142452 0.00657986 -0.0601035  0.0280964   -9.80878 
              128.15 -0.966906   1.57169  -41.8139   62.1484  -16.0494 -0.116463 0 0 0 0 0 0   0.63471 -0.560953 0.0246489  0.000238468 -4.31751e-07  0.000204922  0.0174289   0.141652 0.00519212 -0.0600008  0.0283041   -9.80878 
             128.251  -1.1397   1.6132 -40.9555   62.2181  -16.1101 -0.131497 0 0 0 0 0 0   0.658251  -0.604483 -0.0661762  0.000280801 -4.56664e-05   0.00019579  0.0168218   0.141392 0.00719619 -0.0599813  0.0282454   -9.80878 
             128.351 -1.15073  1.51142 -40.2288   62.2904  -16.1616 -0.125099 0 0 0 0 0 0   0.680458  -0.569233 0.00706615     0.000334 -1.31706e-05  0.000221494   0.016972   0.140611 0.00594252 -0.0598606  0.0283095   -9.80878 
             128.451 -1.04495  1.57893 -39.3862   62.3479  -16.2008 -0.127171 0 0 0 0 0 0   0.660151  -0.499485 -0.0181707 0.000387168 7.71861e-06 0.000192151   0.018573   0.140307 0.00602904 -0.0599458  0.0285079   -9.80878 
             128.551 -0.868171   1.50217  -38.6096   62.4098  -16.2581 -0.143461 0 0 0 0 0 0   0.687392  -0.492634 -0.0774458  0.000372268 -1.01476e-05  0.000199825  0.0183883   0.141083 0.00790443 -0.0600567  0.0284233   -9.80877 
             128.651 -0.837836   1.47904  -37.8275   62.4672  -16.2997 -0.122342 0 0 0 0 0 0  0.653321 -0.457138 0.0349473 0.000345018 2.62695e-05 0.000173844   0.019591   0.141331 0.00441504 -0.0601114  0.0284981   -9.80877 
             128.752 -0.960032   1.63355  -37.0464   62.5477  -16.3624 -0.115069 0 0 0 0 0 0  0.692343 -0.486392  0.054079  0.00030911 2.34011e-05 0.000149096  0.0175713   0.141586 0.00391319 -0.0599047  0.0283268   -9.80878 
             128.852 -1.14759  1.56512 -36.4359   62.6283  -16.3999 -0.137969 0 0 0 0 0 0   0.719561  -0.449116 -0.0574719  0.000307929 -2.48954e-06  0.000120013  0.0172551   0.140243 0.00698278 -0.0598544  0.0284659   -9.80878 
             128.952 -1.18301  1.50109 -36.2096  62.6939 -16.3995 -0.15419 0 0 0 0 0 0  0.684824 -0.286879 -0.118279  0.000313033 -7.79533e-05 -5.12137e-06  0.0197004   0.137822 0.00802776 -0.0600614  0.0288782   -9.80877 
             129.053 -1.06079  1.42548 -36.4629   62.7554  -16.4108 -0.160434 0 0 0 0 0 0   0.664055   -0.19144 -0.0783022  0.000295407 -0.000102699 -9.72604e-05   0.021016    0.13724 0.00762001   -0.0602 0.0290022  -9.80877 
             129.152 -1.00805  1.32557 -37.0446   62.7985  -16.4149 -0.147754 0 0 0 0 0 0    0.583123   -0.123305 -0.00816646  0.000248895 -0.000147508 -0.000185065  0.0234286   0.137359 0.00539778 -0.0604728  0.0290694   -9.80877 
             129.253 -1.14353  1.30382 -37.8603  62.8583 -16.4493  -0.1229 0 0 0 0 0 0  0.556335 -0.205056 0.0847859   0.00022317 -3.12958e-05 -0.000202183  0.0224236   0.138628 0.00261044 -0.0603166   0.028883   -9.80877 
             129.353 -1.36227  1.39844 -38.7677  62.9173 -16.5093 -0.13036 0 0 0 0 0 0  0.543622 -0.346452 0.0353455  0.000254254 -5.47155e-05 -0.000198227  0.0202272   0.140834 0.00447638 -0.0601554  0.0285019   -9.80877 
             129.453 -1.46197   1.2862 -39.6547   62.9835  -16.5573 -0.144294 0 0 0 0 0 0   0.569189  -0.406497 -0.0331119  0.000286657 -8.99529e-05 -0.000246361  0.0186256   0.140943 0.00642874 -0.0600092  0.0283929   -9.80878 
             129.553 -1.41575  1.22674 -40.6643   63.0479  -16.6077 -0.138127 0 0 0 0 0 0    0.585283    -0.41014 0.000530928  0.000323394  -3.5968e-05 -0.000221364  0.0175077   0.141296 0.00523373 -0.0598778  0.0282906   -9.80878 
             129.653 -1.31654  1.36757 -41.6549   63.1225   -16.641 -0.150053 0 0 0 0 0 0  0.636225 -0.375772 -0.049837  0.000320905 -7.61843e-05 -0.000232773  0.0166909   0.140036 0.00639876 -0.0597316  0.0283416   -9.80878 
             129.754 -1.29348  1.21365 -42.6403  63.1792 -16.7071 -0.16477 0 0 0 0 0 0   0.621833  -0.465502 -0.0698547  0.000250341 -0.000123398 -0.000239633  0.0156952   0.141977 0.00771406 -0.0598457   0.028068   -9.80878 
             129.854 -1.40813  1.19899 -43.6615   63.2347  -16.7444 -0.135894 0 0 0 0 0 0  0.578728 -0.422915 0.0557701  0.000181533  -4.3001e-05 -0.000230046  0.0166192   0.141949 0.00369455 -0.0598171  0.0281978   -9.80878 
             129.954 -1.63112   1.3833 -44.5796   63.2724  -16.8071 -0.143379 0 0 0 0 0 0   0.487609  -0.496213 0.00233196   0.00017522  -7.3076e-05 -0.000220915  0.0166214   0.143972 0.00512432 -0.0600896  0.0280775   -9.80878 
             130.054 -1.82061  1.29397 -45.5218    63.331  -16.8666 -0.162028 0 0 0 0 0 0   0.505676  -0.545321 -0.0484971   0.00021869 -0.000133355 -0.000203002   0.015479    0.14367 0.00764718 -0.0600674  0.0279186   -9.80878 
             130.157 -1.83291  1.19366 -46.4773   63.3805  -16.9155 -0.147014 0 0 0 0 0 0  0.481552 -0.515255 0.0186239  0.000257314 -7.61626e-05 -0.000206583  0.0161663   0.143512 0.00520214 -0.0599959    0.02804   -9.80878 
             130.255 -1.72933  1.31023 -47.4367   63.4237  -16.9675 -0.148051 0 0 0 0 0 0   0.466372  -0.510807 -0.0185689  0.000265069 -9.91279e-05 -0.000229018  0.0161911   0.143844 0.00549139 -0.0600555  0.0280393   -9.80878 
             130.355 -1.61428  1.18084 -48.4711   63.4781   -17.017 -0.173295 0 0 0 0 0 0    0.50518  -0.510651 -0.0877709  0.000210743 -0.000141318  -0.00022083  0.0158352   0.143102 0.00824513 -0.0600156  0.0279579   -9.80878 
             130.455  -1.6271   0.9962 -49.4696   63.5215  -17.0602 -0.165072 0 0 0 0 0 0    0.47807  -0.495353 -0.0197009  0.000177983 -0.000139032 -0.000193397  0.0168104   0.143243 0.00645568 -0.059968 0.0281448  -9.80878 
             130.556 -1.80278    1.033 -50.4797   63.5664  -17.1154 -0.148816 0 0 0 0 0 0   0.45675 -0.509073 0.0412746  0.000190657 -6.94503e-05 -0.000176846 0.0166446   0.14372 0.0043764 -0.0600077   0.028144   -9.80878 
             130.655 -1.85946  1.14819 -51.3916   63.6123  -17.1583 -0.150856 0 0 0 0 0 0  0.441806   -0.4973 0.0173087  0.000122216 -0.000106696  -0.00018182  0.0171426   0.143212 0.00509534 -0.0599003  0.0282072   -9.80878 
             130.756 -1.94787  1.15461 -52.3472   63.6639  -17.2256 -0.163876 0 0 0 0 0 0   0.455304   -0.55121 -0.0353552  0.000146856 -0.000121122 -0.000183889  0.0154952   0.143186 0.00678998 -0.0600673  0.0278663   -9.80878 
             130.856 -1.95387  1.02955 -53.3319      63.7  -17.2853 -0.171762 0 0 0 0 0 0   0.414704  -0.568743 -0.0678391  0.000145342 -0.000104493 -0.000166804  0.0155793   0.143986 0.00727754 -0.0602347  0.0279576   -9.80878 
             130.956  -1.9546 0.953497 -54.2775   63.7371  -17.3408 -0.168765 0 0 0 0 0 0   0.392866   -0.57493 -0.0259233  0.000142645 -0.000118092 -0.000150492  0.0159363   0.144303 0.00617851 -0.0602293  0.0280724   -9.80877 
             131.061 -1.94283 0.852929 -55.1794   63.786 -17.3848  -0.1685 0 0 0 0 0 0   0.395078  -0.542395 -0.0167351   0.00014789 -0.000105992 -0.000120158  0.0169115   0.142993 0.00579402 -0.0598186  0.0281163   -9.80878 
             131.156 -1.90792 0.835647 -55.8998   63.8072   -17.431 -0.156422 0 0 0 0 0 0  0.333851 -0.529437 0.0358498  0.000138941 -9.27945e-05 -8.41314e-05  0.0180324    0.14427 0.00420958 -0.0598867  0.0285523   -9.80878 
